cosecha,codmes,maduracion,saldo_inicial,provisionporc,pdponderado,rango_pd,provisionporcacum,acumulado30
202202,202202,0,78500.000000,0.010000,0.013603,6. Bajo I,0.010000,0.001431
202202,202203,1,78500.000000,-0.006178,0.013603,6. Bajo I,0.003822,0.001431
202202,202204,2,78500.000000,-0.000019,0.013603,6. Bajo I,0.003803,0.001431
202202,202205,3,78500.000000,-0.000047,0.013603,6. Bajo I,0.003756,0.001431
202202,202206,4,78500.000000,-0.000046,0.013603,6. Bajo I,0.003710,0.001431
202202,202207,5,78500.000000,-0.000048,0.013603,6. Bajo I,0.003662,0.001431
202202,202208,6,78500.000000,-0.000047,0.013603,6. Bajo I,0.003615,0.001431
202202,202209,7,78500.000000,-0.000048,0.013603,6. Bajo I,0.003567,0.001431
202202,202210,8,78500.000000,-0.000050,0.013603,6. Bajo I,0.003517,0.001431
202202,202211,9,78500.000000,-0.000049,0.013603,6. Bajo I,0.003468,0.001431
202202,202212,10,78500.000000,-0.000751,0.013603,6. Bajo I,0.002717,0.001431
202202,202301,11,78500.000000,-0.000055,0.013603,6. Bajo I,0.002662,0.001431
202202,202302,12,78500.000000,-0.000058,0.013603,6. Bajo I,0.002604,0.001431
202202,202303,13,78500.000000,-0.000062,0.013603,6. Bajo I,0.002542,0.001431
202202,202304,14,78500.000000,-0.000060,0.013603,6. Bajo I,0.002482,0.001431
202202,202305,15,78500.000000,-0.000061,0.013603,6. Bajo I,0.002421,0.001431
202202,202306,16,78500.000000,-0.000061,0.013603,6. Bajo I,0.002360,0.001431
202202,202307,17,78500.000000,-0.000062,0.013603,6. Bajo I,0.002298,0.001431
202202,202308,18,78500.000000,-0.000062,0.013603,6. Bajo I,0.002236,0.001431
202202,202309,19,78500.000000,-0.000063,0.013603,6. Bajo I,0.002173,0.001431
202202,202310,20,78500.000000,-0.000064,0.013603,6. Bajo I,0.002109,0.001431
202202,202311,21,78500.000000,-0.000064,0.013603,6. Bajo I,0.002045,0.001431
202202,202312,22,78500.000000,-0.000066,0.013603,6. Bajo I,0.001979,0.001431
202202,202401,23,78500.000000,-0.000066,0.013603,6. Bajo I,0.001913,0.001431
202202,202402,24,78500.000000,-0.000066,0.013603,6. Bajo I,0.001847,0.001431
202202,202403,25,78500.000000,-0.000068,0.013603,6. Bajo I,0.001779,0.001431
202202,202404,26,78500.000000,-0.000068,0.013603,6. Bajo I,0.001711,0.001431
202202,202405,27,78500.000000,-0.000069,0.013603,6. Bajo I,0.001642,0.001431
202202,202406,28,78500.000000,-0.000069,0.013603,6. Bajo I,0.001573,0.001431
202202,202407,29,78500.000000,-0.000071,0.013603,6. Bajo I,0.001502,0.001431
202202,202408,30,78500.000000,-0.000071,0.013603,6. Bajo I,0.001431,0.001431
202202,202409,31,78500.000000,-0.000072,0.013603,6. Bajo I,0.001359,0.001431
202202,202410,32,78500.000000,-0.000146,0.013603,6. Bajo I,0.001213,0.001431
202202,202411,33,78500.000000,0.000000,0.013603,6. Bajo I,0.001213,0.001431
202202,202412,34,78500.000000,-0.000075,0.013603,6. Bajo I,0.001138,0.001431
202202,202501,35,78500.000000,-0.000075,0.013603,6. Bajo I,0.001063,0.001431
202202,202502,36,78500.000000,-0.000076,0.013603,6. Bajo I,0.000987,0.001431
202202,202503,37,78500.000000,-0.000078,0.013603,6. Bajo I,0.000909,0.001431
202202,202504,38,78500.000000,-0.000077,0.013603,6. Bajo I,0.000832,0.001431
202202,202505,39,78500.000000,-0.000079,0.013603,6. Bajo I,0.000753,0.001431
202202,202506,40,78500.000000,-0.000752,0.013603,6. Bajo I,0.000001,0.001431
202203,202203,0,345915658.530000,0.010251,0.061542,3. Medio II,0.010251,0.154143
202203,202204,1,345915658.530000,-0.000667,0.061542,3. Medio II,0.009584,0.154143
202203,202205,2,345915658.530000,0.002816,0.061542,3. Medio II,0.012400,0.154143
202203,202206,3,345915658.530000,0.007933,0.061542,3. Medio II,0.020333,0.154143
202203,202207,4,345915658.530000,0.008896,0.061542,3. Medio II,0.029229,0.154143
202203,202208,5,345915658.530000,0.009745,0.061542,3. Medio II,0.038974,0.154143
202203,202209,6,345915658.530000,0.008866,0.061542,3. Medio II,0.047840,0.154143
202203,202210,7,345915658.530000,0.008270,0.061542,3. Medio II,0.056110,0.154143
202203,202211,8,345915658.530000,0.007947,0.061542,3. Medio II,0.064057,0.154143
202203,202212,9,345915658.530000,0.008865,0.061542,3. Medio II,0.072922,0.154143
202203,202301,10,345915658.530000,0.008643,0.061542,3. Medio II,0.081565,0.154143
202203,202302,11,345915658.530000,0.007162,0.061542,3. Medio II,0.088727,0.154143
202203,202303,12,345915658.530000,0.007580,0.061542,3. Medio II,0.096307,0.154143
202203,202304,13,345915658.530000,0.007561,0.061542,3. Medio II,0.103868,0.154143
202203,202305,14,345915658.530000,0.007582,0.061542,3. Medio II,0.111450,0.154143
202203,202306,15,345915658.530000,0.006432,0.061542,3. Medio II,0.117882,0.154143
202203,202307,16,345915658.530000,0.005797,0.061542,3. Medio II,0.123679,0.154143
202203,202308,17,345915658.530000,0.004126,0.061542,3. Medio II,0.127805,0.154143
202203,202309,18,345915658.530000,0.003130,0.061542,3. Medio II,0.130935,0.154143
202203,202310,19,345915658.530000,0.003429,0.061542,3. Medio II,0.134364,0.154143
202203,202311,20,345915658.530000,0.002191,0.061542,3. Medio II,0.136555,0.154143
202203,202312,21,345915658.530000,0.002722,0.061542,3. Medio II,0.139277,0.154143
202203,202401,22,345915658.530000,0.002780,0.061542,3. Medio II,0.142057,0.154143
202203,202402,23,345915658.530000,0.001633,0.061542,3. Medio II,0.143690,0.154143
202203,202403,24,345915658.530000,0.002431,0.061542,3. Medio II,0.146121,0.154143
202203,202404,25,345915658.530000,0.001895,0.061542,3. Medio II,0.148016,0.154143
202203,202405,26,345915658.530000,0.001690,0.061542,3. Medio II,0.149706,0.154143
202203,202406,27,345915658.530000,0.002035,0.061542,3. Medio II,0.151741,0.154143
202203,202407,28,345915658.530000,0.001271,0.061542,3. Medio II,0.153012,0.154143
202203,202408,29,345915658.530000,0.000779,0.061542,3. Medio II,0.153791,0.154143
202203,202409,30,345915658.530000,0.000352,0.061542,3. Medio II,0.154143,0.154143
202203,202410,31,345915658.530000,0.000577,0.061542,3. Medio II,0.154720,0.154143
202203,202411,32,345915658.530000,0.000596,0.061542,3. Medio II,0.155316,0.154143
202203,202412,33,345915658.530000,0.000372,0.061542,3. Medio II,0.155688,0.154143
202203,202501,34,345915658.530000,0.000536,0.061542,3. Medio II,0.156224,0.154143
202203,202502,35,345915658.530000,0.000557,0.061542,3. Medio II,0.156781,0.154143
202203,202503,36,345915658.530000,0.000623,0.061542,3. Medio II,0.157404,0.154143
202203,202504,37,345915658.530000,0.000520,0.061542,3. Medio II,0.157924,0.154143
202203,202505,38,345915658.530000,0.000472,0.061542,3. Medio II,0.158396,0.154143
202203,202506,39,345915658.530000,0.000458,0.061542,3. Medio II,0.158854,0.154143
202203,202507,40,345915658.530000,0.000101,0.061542,3. Medio II,0.158955,0.154143
202203,202508,41,345915658.530000,0.000389,0.061542,3. Medio II,0.159344,0.154143
202203,202509,42,345915658.530000,0.000178,0.061542,3. Medio II,0.159522,0.154143
202203,202510,43,345915658.530000,0.000289,0.061542,3. Medio II,0.159811,0.154143
202204,202204,0,282924380.410000,0.010059,0.065835,3. Medio II,0.010059,0.164372
202204,202205,1,282924380.410000,-0.000540,0.065835,3. Medio II,0.009519,0.164372
202204,202206,2,282924380.410000,0.003038,0.065835,3. Medio II,0.012557,0.164372
202204,202207,3,282924380.410000,0.009757,0.065835,3. Medio II,0.022314,0.164372
202204,202208,4,282924380.410000,0.010453,0.065835,3. Medio II,0.032767,0.164372
202204,202209,5,282924380.410000,0.008935,0.065835,3. Medio II,0.041702,0.164372
202204,202210,6,282924380.410000,0.012454,0.065835,3. Medio II,0.054156,0.164372
202204,202211,7,282924380.410000,0.009494,0.065835,3. Medio II,0.063650,0.164372
202204,202212,8,282924380.410000,0.007818,0.065835,3. Medio II,0.071468,0.164372
202204,202301,9,282924380.410000,0.008671,0.065835,3. Medio II,0.080139,0.164372
202204,202302,10,282924380.410000,0.007258,0.065835,3. Medio II,0.087397,0.164372
202204,202303,11,282924380.410000,0.008838,0.065835,3. Medio II,0.096235,0.164372
202204,202304,12,282924380.410000,0.007609,0.065835,3. Medio II,0.103844,0.164372
202204,202305,13,282924380.410000,0.008409,0.065835,3. Medio II,0.112253,0.164372
202204,202306,14,282924380.410000,0.008817,0.065835,3. Medio II,0.121070,0.164372
202204,202307,15,282924380.410000,0.006814,0.065835,3. Medio II,0.127884,0.164372
202204,202308,16,282924380.410000,0.004352,0.065835,3. Medio II,0.132236,0.164372
202204,202309,17,282924380.410000,0.003374,0.065835,3. Medio II,0.135610,0.164372
202204,202310,18,282924380.410000,0.004236,0.065835,3. Medio II,0.139846,0.164372
202204,202311,19,282924380.410000,0.002854,0.065835,3. Medio II,0.142700,0.164372
202204,202312,20,282924380.410000,0.003651,0.065835,3. Medio II,0.146351,0.164372
202204,202401,21,282924380.410000,0.003320,0.065835,3. Medio II,0.149671,0.164372
202204,202402,22,282924380.410000,0.001881,0.065835,3. Medio II,0.151552,0.164372
202204,202403,23,282924380.410000,0.003590,0.065835,3. Medio II,0.155142,0.164372
202204,202404,24,282924380.410000,0.001696,0.065835,3. Medio II,0.156838,0.164372
202204,202405,25,282924380.410000,0.002280,0.065835,3. Medio II,0.159118,0.164372
202204,202406,26,282924380.410000,0.001055,0.065835,3. Medio II,0.160173,0.164372
202204,202407,27,282924380.410000,0.001770,0.065835,3. Medio II,0.161943,0.164372
202204,202408,28,282924380.410000,0.000780,0.065835,3. Medio II,0.162723,0.164372
202204,202409,29,282924380.410000,0.001039,0.065835,3. Medio II,0.163762,0.164372
202204,202410,30,282924380.410000,0.000610,0.065835,3. Medio II,0.164372,0.164372
202204,202411,31,282924380.410000,0.000417,0.065835,3. Medio II,0.164789,0.164372
202204,202412,32,282924380.410000,0.000670,0.065835,3. Medio II,0.165459,0.164372
202204,202501,33,282924380.410000,0.000822,0.065835,3. Medio II,0.166281,0.164372
202204,202502,34,282924380.410000,0.000201,0.065835,3. Medio II,0.166482,0.164372
202204,202503,35,282924380.410000,0.000427,0.065835,3. Medio II,0.166909,0.164372
202204,202504,36,282924380.410000,0.000440,0.065835,3. Medio II,0.167349,0.164372
202204,202505,37,282924380.410000,0.000136,0.065835,3. Medio II,0.167485,0.164372
202204,202506,38,282924380.410000,0.000239,0.065835,3. Medio II,0.167724,0.164372
202204,202507,39,282924380.410000,-0.000061,0.065835,3. Medio II,0.167663,0.164372
202204,202508,40,282924380.410000,0.000253,0.065835,3. Medio II,0.167916,0.164372
202204,202509,41,282924380.410000,0.000092,0.065835,3. Medio II,0.168008,0.164372
202204,202510,42,282924380.410000,0.000277,0.065835,3. Medio II,0.168285,0.164372
202205,202205,0,285721281.560000,0.010036,0.066484,3. Medio II,0.010036,0.156115
202205,202206,1,285721281.560000,-0.000553,0.066484,3. Medio II,0.009483,0.156115
202205,202207,2,285721281.560000,0.003133,0.066484,3. Medio II,0.012616,0.156115
202205,202208,3,285721281.560000,0.009469,0.066484,3. Medio II,0.022085,0.156115
202205,202209,4,285721281.560000,0.007499,0.066484,3. Medio II,0.029584,0.156115
202205,202210,5,285721281.560000,0.010730,0.066484,3. Medio II,0.040314,0.156115
202205,202211,6,285721281.560000,0.009013,0.066484,3. Medio II,0.049327,0.156115
202205,202212,7,285721281.560000,0.008743,0.066484,3. Medio II,0.058070,0.156115
202205,202301,8,285721281.560000,0.009872,0.066484,3. Medio II,0.067942,0.156115
202205,202302,9,285721281.560000,0.006903,0.066484,3. Medio II,0.074845,0.156115
202205,202303,10,285721281.560000,0.010148,0.066484,3. Medio II,0.084993,0.156115
202205,202304,11,285721281.560000,0.009637,0.066484,3. Medio II,0.094630,0.156115
202205,202305,12,285721281.560000,0.008708,0.066484,3. Medio II,0.103338,0.156115
202205,202306,13,285721281.560000,0.008800,0.066484,3. Medio II,0.112138,0.156115
202205,202307,14,285721281.560000,0.007388,0.066484,3. Medio II,0.119526,0.156115
202205,202308,15,285721281.560000,0.005007,0.066484,3. Medio II,0.124533,0.156115
202205,202309,16,285721281.560000,0.003639,0.066484,3. Medio II,0.128172,0.156115
202205,202310,17,285721281.560000,0.004267,0.066484,3. Medio II,0.132439,0.156115
202205,202311,18,285721281.560000,0.003015,0.066484,3. Medio II,0.135454,0.156115
202205,202312,19,285721281.560000,0.002705,0.066484,3. Medio II,0.138159,0.156115
202205,202401,20,285721281.560000,0.003447,0.066484,3. Medio II,0.141606,0.156115
202205,202402,21,285721281.560000,0.002335,0.066484,3. Medio II,0.143941,0.156115
202205,202403,22,285721281.560000,0.002316,0.066484,3. Medio II,0.146257,0.156115
202205,202404,23,285721281.560000,0.002377,0.066484,3. Medio II,0.148634,0.156115
202205,202405,24,285721281.560000,0.001431,0.066484,3. Medio II,0.150065,0.156115
202205,202406,25,285721281.560000,0.001678,0.066484,3. Medio II,0.151743,0.156115
202205,202407,26,285721281.560000,0.001015,0.066484,3. Medio II,0.152758,0.156115
202205,202408,27,285721281.560000,0.001097,0.066484,3. Medio II,0.153855,0.156115
202205,202409,28,285721281.560000,0.000579,0.066484,3. Medio II,0.154434,0.156115
202205,202410,29,285721281.560000,0.001395,0.066484,3. Medio II,0.155829,0.156115
202205,202411,30,285721281.560000,0.000286,0.066484,3. Medio II,0.156115,0.156115
202205,202412,31,285721281.560000,0.000589,0.066484,3. Medio II,0.156704,0.156115
202205,202501,32,285721281.560000,0.000562,0.066484,3. Medio II,0.157266,0.156115
202205,202502,33,285721281.560000,0.000155,0.066484,3. Medio II,0.157421,0.156115
202205,202503,34,285721281.560000,0.000408,0.066484,3. Medio II,0.157829,0.156115
202205,202504,35,285721281.560000,0.000329,0.066484,3. Medio II,0.158158,0.156115
202205,202505,36,285721281.560000,0.000042,0.066484,3. Medio II,0.158200,0.156115
202205,202506,37,285721281.560000,0.000259,0.066484,3. Medio II,0.158459,0.156115
202205,202507,38,285721281.560000,0.000287,0.066484,3. Medio II,0.158746,0.156115
202205,202508,39,285721281.560000,0.000430,0.066484,3. Medio II,0.159176,0.156115
202205,202509,40,285721281.560000,0.000305,0.066484,3. Medio II,0.159481,0.156115
202205,202510,41,285721281.560000,0.000336,0.066484,3. Medio II,0.159817,0.156115
202206,202206,0,240451324.190000,0.010040,0.069501,3. Medio II,0.010040,0.164474
202206,202207,1,240451324.190000,-0.000703,0.069501,3. Medio II,0.009337,0.164474
202206,202208,2,240451324.190000,0.003351,0.069501,3. Medio II,0.012688,0.164474
202206,202209,3,240451324.190000,0.010085,0.069501,3. Medio II,0.022773,0.164474
202206,202210,4,240451324.190000,0.011654,0.069501,3. Medio II,0.034427,0.164474
202206,202211,5,240451324.190000,0.012414,0.069501,3. Medio II,0.046841,0.164474
202206,202212,6,240451324.190000,0.013141,0.069501,3. Medio II,0.059982,0.164474
202206,202301,7,240451324.190000,0.012295,0.069501,3. Medio II,0.072277,0.164474
202206,202302,8,240451324.190000,0.009773,0.069501,3. Medio II,0.082050,0.164474
202206,202303,9,240451324.190000,0.010681,0.069501,3. Medio II,0.092731,0.164474
202206,202304,10,240451324.190000,0.008570,0.069501,3. Medio II,0.101301,0.164474
202206,202305,11,240451324.190000,0.008289,0.069501,3. Medio II,0.109590,0.164474
202206,202306,12,240451324.190000,0.008149,0.069501,3. Medio II,0.117739,0.164474
202206,202307,13,240451324.190000,0.006191,0.069501,3. Medio II,0.123930,0.164474
202206,202308,14,240451324.190000,0.005999,0.069501,3. Medio II,0.129929,0.164474
202206,202309,15,240451324.190000,0.003642,0.069501,3. Medio II,0.133571,0.164474
202206,202310,16,240451324.190000,0.004010,0.069501,3. Medio II,0.137581,0.164474
202206,202311,17,240451324.190000,0.002903,0.069501,3. Medio II,0.140484,0.164474
202206,202312,18,240451324.190000,0.002476,0.069501,3. Medio II,0.142960,0.164474
202206,202401,19,240451324.190000,0.003441,0.069501,3. Medio II,0.146401,0.164474
202206,202402,20,240451324.190000,0.002493,0.069501,3. Medio II,0.148894,0.164474
202206,202403,21,240451324.190000,0.003457,0.069501,3. Medio II,0.152351,0.164474
202206,202404,22,240451324.190000,0.002524,0.069501,3. Medio II,0.154875,0.164474
202206,202405,23,240451324.190000,0.002002,0.069501,3. Medio II,0.156877,0.164474
202206,202406,24,240451324.190000,0.002018,0.069501,3. Medio II,0.158895,0.164474
202206,202407,25,240451324.190000,0.001274,0.069501,3. Medio II,0.160169,0.164474
202206,202408,26,240451324.190000,0.001416,0.069501,3. Medio II,0.161585,0.164474
202206,202409,27,240451324.190000,0.000637,0.069501,3. Medio II,0.162222,0.164474
202206,202410,28,240451324.190000,0.000820,0.069501,3. Medio II,0.163042,0.164474
202206,202411,29,240451324.190000,0.000523,0.069501,3. Medio II,0.163565,0.164474
202206,202412,30,240451324.190000,0.000909,0.069501,3. Medio II,0.164474,0.164474
202206,202501,31,240451324.190000,0.000080,0.069501,3. Medio II,0.164554,0.164474
202206,202502,32,240451324.190000,0.000360,0.069501,3. Medio II,0.164914,0.164474
202206,202503,33,240451324.190000,0.000771,0.069501,3. Medio II,0.165685,0.164474
202206,202504,34,240451324.190000,0.000257,0.069501,3. Medio II,0.165942,0.164474
202206,202505,35,240451324.190000,0.000448,0.069501,3. Medio II,0.166390,0.164474
202206,202506,36,240451324.190000,0.000272,0.069501,3. Medio II,0.166662,0.164474
202206,202507,37,240451324.190000,0.000026,0.069501,3. Medio II,0.166688,0.164474
202206,202508,38,240451324.190000,0.000332,0.069501,3. Medio II,0.167020,0.164474
202206,202509,39,240451324.190000,0.000162,0.069501,3. Medio II,0.167182,0.164474
202206,202510,40,240451324.190000,0.000026,0.069501,3. Medio II,0.167208,0.164474
202207,202207,0,219481855.800000,0.010051,0.071402,3. Medio II,0.010051,0.164271
202207,202208,1,219481855.800000,-0.000661,0.071402,3. Medio II,0.009390,0.164271
202207,202209,2,219481855.800000,0.003001,0.071402,3. Medio II,0.012391,0.164271
202207,202210,3,219481855.800000,0.010328,0.071402,3. Medio II,0.022719,0.164271
202207,202211,4,219481855.800000,0.012071,0.071402,3. Medio II,0.034790,0.164271
202207,202212,5,219481855.800000,0.011500,0.071402,3. Medio II,0.046290,0.164271
202207,202301,6,219481855.800000,0.013710,0.071402,3. Medio II,0.060000,0.164271
202207,202302,7,219481855.800000,0.011418,0.071402,3. Medio II,0.071418,0.164271
202207,202303,8,219481855.800000,0.011823,0.071402,3. Medio II,0.083241,0.164271
202207,202304,9,219481855.800000,0.011412,0.071402,3. Medio II,0.094653,0.164271
202207,202305,10,219481855.800000,0.008924,0.071402,3. Medio II,0.103577,0.164271
202207,202306,11,219481855.800000,0.008847,0.071402,3. Medio II,0.112424,0.164271
202207,202307,12,219481855.800000,0.006958,0.071402,3. Medio II,0.119382,0.164271
202207,202308,13,219481855.800000,0.005936,0.071402,3. Medio II,0.125318,0.164271
202207,202309,14,219481855.800000,0.004405,0.071402,3. Medio II,0.129723,0.164271
202207,202310,15,219481855.800000,0.005465,0.071402,3. Medio II,0.135188,0.164271
202207,202311,16,219481855.800000,0.003527,0.071402,3. Medio II,0.138715,0.164271
202207,202312,17,219481855.800000,0.004045,0.071402,3. Medio II,0.142760,0.164271
202207,202401,18,219481855.800000,0.003080,0.071402,3. Medio II,0.145840,0.164271
202207,202402,19,219481855.800000,0.003310,0.071402,3. Medio II,0.149150,0.164271
202207,202403,20,219481855.800000,0.002504,0.071402,3. Medio II,0.151654,0.164271
202207,202404,21,219481855.800000,0.002815,0.071402,3. Medio II,0.154469,0.164271
202207,202405,22,219481855.800000,0.001931,0.071402,3. Medio II,0.156400,0.164271
202207,202406,23,219481855.800000,0.001729,0.071402,3. Medio II,0.158129,0.164271
202207,202407,24,219481855.800000,0.000793,0.071402,3. Medio II,0.158922,0.164271
202207,202408,25,219481855.800000,0.001321,0.071402,3. Medio II,0.160243,0.164271
202207,202409,26,219481855.800000,0.001095,0.071402,3. Medio II,0.161338,0.164271
202207,202410,27,219481855.800000,0.001197,0.071402,3. Medio II,0.162535,0.164271
202207,202411,28,219481855.800000,0.000329,0.071402,3. Medio II,0.162864,0.164271
202207,202412,29,219481855.800000,0.001240,0.071402,3. Medio II,0.164104,0.164271
202207,202501,30,219481855.800000,0.000167,0.071402,3. Medio II,0.164271,0.164271
202207,202502,31,219481855.800000,0.000287,0.071402,3. Medio II,0.164558,0.164271
202207,202503,32,219481855.800000,0.000754,0.071402,3. Medio II,0.165312,0.164271
202207,202504,33,219481855.800000,0.000389,0.071402,3. Medio II,0.165701,0.164271
202207,202505,34,219481855.800000,0.000501,0.071402,3. Medio II,0.166202,0.164271
202207,202506,35,219481855.800000,0.000689,0.071402,3. Medio II,0.166891,0.164271
202207,202507,36,219481855.800000,0.000279,0.071402,3. Medio II,0.167170,0.164271
202207,202508,37,219481855.800000,0.000015,0.071402,3. Medio II,0.167185,0.164271
202207,202509,38,219481855.800000,0.000201,0.071402,3. Medio II,0.167386,0.164271
202207,202510,39,219481855.800000,0.000185,0.071402,3. Medio II,0.167571,0.164271
202208,202208,0,215167267.310000,0.010044,0.077235,2. Alto,0.010044,0.164985
202208,202209,1,215167267.310000,-0.000750,0.077235,2. Alto,0.009294,0.164985
202208,202210,2,215167267.310000,0.004412,0.077235,2. Alto,0.013706,0.164985
202208,202211,3,215167267.310000,0.012087,0.077235,2. Alto,0.025793,0.164985
202208,202212,4,215167267.310000,0.011967,0.077235,2. Alto,0.037760,0.164985
202208,202301,5,215167267.310000,0.016957,0.077235,2. Alto,0.054717,0.164985
202208,202302,6,215167267.310000,0.013534,0.077235,2. Alto,0.068251,0.164985
202208,202303,7,215167267.310000,0.013110,0.077235,2. Alto,0.081361,0.164985
202208,202304,8,215167267.310000,0.012825,0.077235,2. Alto,0.094186,0.164985
202208,202305,9,215167267.310000,0.009571,0.077235,2. Alto,0.103757,0.164985
202208,202306,10,215167267.310000,0.009434,0.077235,2. Alto,0.113191,0.164985
202208,202307,11,215167267.310000,0.007289,0.077235,2. Alto,0.120480,0.164985
202208,202308,12,215167267.310000,0.006747,0.077235,2. Alto,0.127227,0.164985
202208,202309,13,215167267.310000,0.003138,0.077235,2. Alto,0.130365,0.164985
202208,202310,14,215167267.310000,0.006344,0.077235,2. Alto,0.136709,0.164985
202208,202311,15,215167267.310000,0.002931,0.077235,2. Alto,0.139640,0.164985
202208,202312,16,215167267.310000,0.003981,0.077235,2. Alto,0.143621,0.164985
202208,202401,17,215167267.310000,0.003516,0.077235,2. Alto,0.147137,0.164985
202208,202402,18,215167267.310000,0.002062,0.077235,2. Alto,0.149199,0.164985
202208,202403,19,215167267.310000,0.003126,0.077235,2. Alto,0.152325,0.164985
202208,202404,20,215167267.310000,0.002108,0.077235,2. Alto,0.154433,0.164985
202208,202405,21,215167267.310000,0.002360,0.077235,2. Alto,0.156793,0.164985
202208,202406,22,215167267.310000,0.002285,0.077235,2. Alto,0.159078,0.164985
202208,202407,23,215167267.310000,0.000725,0.077235,2. Alto,0.159803,0.164985
202208,202408,24,215167267.310000,0.001215,0.077235,2. Alto,0.161018,0.164985
202208,202409,25,215167267.310000,0.000570,0.077235,2. Alto,0.161588,0.164985
202208,202410,26,215167267.310000,0.001122,0.077235,2. Alto,0.162710,0.164985
202208,202411,27,215167267.310000,0.000405,0.077235,2. Alto,0.163115,0.164985
202208,202412,28,215167267.310000,0.000703,0.077235,2. Alto,0.163818,0.164985
202208,202501,29,215167267.310000,0.000992,0.077235,2. Alto,0.164810,0.164985
202208,202502,30,215167267.310000,0.000175,0.077235,2. Alto,0.164985,0.164985
202208,202503,31,215167267.310000,0.000878,0.077235,2. Alto,0.165863,0.164985
202208,202504,32,215167267.310000,0.000656,0.077235,2. Alto,0.166519,0.164985
202208,202505,33,215167267.310000,0.000156,0.077235,2. Alto,0.166675,0.164985
202208,202506,34,215167267.310000,0.000226,0.077235,2. Alto,0.166901,0.164985
202208,202507,35,215167267.310000,0.000314,0.077235,2. Alto,0.167215,0.164985
202208,202508,36,215167267.310000,-0.000281,0.077235,2. Alto,0.166934,0.164985
202208,202509,37,215167267.310000,0.000068,0.077235,2. Alto,0.167002,0.164985
202208,202510,38,215167267.310000,0.000307,0.077235,2. Alto,0.167309,0.164985
202209,202209,0,221783750.840000,0.010147,0.080776,2. Alto,0.010147,0.171284
202209,202210,1,221783750.840000,-0.000779,0.080776,2. Alto,0.009368,0.171284
202209,202211,2,221783750.840000,0.004360,0.080776,2. Alto,0.013728,0.171284
202209,202212,3,221783750.840000,0.013645,0.080776,2. Alto,0.027373,0.171284
202209,202301,4,221783750.840000,0.014509,0.080776,2. Alto,0.041882,0.171284
202209,202302,5,221783750.840000,0.013576,0.080776,2. Alto,0.055458,0.171284
202209,202303,6,221783750.840000,0.017322,0.080776,2. Alto,0.072780,0.171284
202209,202304,7,221783750.840000,0.015367,0.080776,2. Alto,0.088147,0.171284
202209,202305,8,221783750.840000,0.009722,0.080776,2. Alto,0.097869,0.171284
202209,202306,9,221783750.840000,0.011316,0.080776,2. Alto,0.109185,0.171284
202209,202307,10,221783750.840000,0.009533,0.080776,2. Alto,0.118718,0.171284
202209,202308,11,221783750.840000,0.005445,0.080776,2. Alto,0.124163,0.171284
202209,202309,12,221783750.840000,0.005173,0.080776,2. Alto,0.129336,0.171284
202209,202310,13,221783750.840000,0.004630,0.080776,2. Alto,0.133966,0.171284
202209,202311,14,221783750.840000,0.004034,0.080776,2. Alto,0.138000,0.171284
202209,202312,15,221783750.840000,0.004538,0.080776,2. Alto,0.142538,0.171284
202209,202401,16,221783750.840000,0.004132,0.080776,2. Alto,0.146670,0.171284
202209,202402,17,221783750.840000,0.002794,0.080776,2. Alto,0.149464,0.171284
202209,202403,18,221783750.840000,0.004000,0.080776,2. Alto,0.153464,0.171284
202209,202404,19,221783750.840000,0.002849,0.080776,2. Alto,0.156313,0.171284
202209,202405,20,221783750.840000,0.002269,0.080776,2. Alto,0.158582,0.171284
202209,202406,21,221783750.840000,0.002164,0.080776,2. Alto,0.160746,0.171284
202209,202407,22,221783750.840000,0.002004,0.080776,2. Alto,0.162750,0.171284
202209,202408,23,221783750.840000,0.002318,0.080776,2. Alto,0.165068,0.171284
202209,202409,24,221783750.840000,0.000556,0.080776,2. Alto,0.165624,0.171284
202209,202410,25,221783750.840000,0.001317,0.080776,2. Alto,0.166941,0.171284
202209,202411,26,221783750.840000,0.001225,0.080776,2. Alto,0.168166,0.171284
202209,202412,27,221783750.840000,0.000602,0.080776,2. Alto,0.168768,0.171284
202209,202501,28,221783750.840000,0.000868,0.080776,2. Alto,0.169636,0.171284
202209,202502,29,221783750.840000,0.000913,0.080776,2. Alto,0.170549,0.171284
202209,202503,30,221783750.840000,0.000735,0.080776,2. Alto,0.171284,0.171284
202209,202504,31,221783750.840000,0.000925,0.080776,2. Alto,0.172209,0.171284
202209,202505,32,221783750.840000,0.000500,0.080776,2. Alto,0.172709,0.171284
202209,202506,33,221783750.840000,0.000449,0.080776,2. Alto,0.173158,0.171284
202209,202507,34,221783750.840000,0.000349,0.080776,2. Alto,0.173507,0.171284
202209,202508,35,221783750.840000,0.000244,0.080776,2. Alto,0.173751,0.171284
202209,202509,36,221783750.840000,0.000268,0.080776,2. Alto,0.174019,0.171284
202209,202510,37,221783750.840000,0.000446,0.080776,2. Alto,0.174465,0.171284
202210,202210,0,262497191.780000,0.010031,0.095225,2. Alto,0.010031,0.181721
202210,202211,1,262497191.780000,-0.000312,0.095225,2. Alto,0.009719,0.181721
202210,202212,2,262497191.780000,0.005577,0.095225,2. Alto,0.015296,0.181721
202210,202301,3,262497191.780000,0.014819,0.095225,2. Alto,0.030115,0.181721
202210,202302,4,262497191.780000,0.014617,0.095225,2. Alto,0.044732,0.181721
202210,202303,5,262497191.780000,0.018026,0.095225,2. Alto,0.062758,0.181721
202210,202304,6,262497191.780000,0.017763,0.095225,2. Alto,0.080521,0.181721
202210,202305,7,262497191.780000,0.013624,0.095225,2. Alto,0.094145,0.181721
202210,202306,8,262497191.780000,0.014748,0.095225,2. Alto,0.108893,0.181721
202210,202307,9,262497191.780000,0.010466,0.095225,2. Alto,0.119359,0.181721
202210,202308,10,262497191.780000,0.007927,0.095225,2. Alto,0.127286,0.181721
202210,202309,11,262497191.780000,0.005414,0.095225,2. Alto,0.132700,0.181721
202210,202310,12,262497191.780000,0.005865,0.095225,2. Alto,0.138565,0.181721
202210,202311,13,262497191.780000,0.004698,0.095225,2. Alto,0.143263,0.181721
202210,202312,14,262497191.780000,0.004371,0.095225,2. Alto,0.147634,0.181721
202210,202401,15,262497191.780000,0.005058,0.095225,2. Alto,0.152692,0.181721
202210,202402,16,262497191.780000,0.003234,0.095225,2. Alto,0.155926,0.181721
202210,202403,17,262497191.780000,0.003718,0.095225,2. Alto,0.159644,0.181721
202210,202404,18,262497191.780000,0.003775,0.095225,2. Alto,0.163419,0.181721
202210,202405,19,262497191.780000,0.003510,0.095225,2. Alto,0.166929,0.181721
202210,202406,20,262497191.780000,0.003434,0.095225,2. Alto,0.170363,0.181721
202210,202407,21,262497191.780000,0.002333,0.095225,2. Alto,0.172696,0.181721
202210,202408,22,262497191.780000,0.001887,0.095225,2. Alto,0.174583,0.181721
202210,202409,23,262497191.780000,0.001165,0.095225,2. Alto,0.175748,0.181721
202210,202410,24,262497191.780000,0.001865,0.095225,2. Alto,0.177613,0.181721
202210,202411,25,262497191.780000,0.000856,0.095225,2. Alto,0.178469,0.181721
202210,202412,26,262497191.780000,0.001089,0.095225,2. Alto,0.179558,0.181721
202210,202501,27,262497191.780000,0.000768,0.095225,2. Alto,0.180326,0.181721
202210,202502,28,262497191.780000,0.000225,0.095225,2. Alto,0.180551,0.181721
202210,202503,29,262497191.780000,0.000923,0.095225,2. Alto,0.181474,0.181721
202210,202504,30,262497191.780000,0.000247,0.095225,2. Alto,0.181721,0.181721
202210,202505,31,262497191.780000,0.000496,0.095225,2. Alto,0.182217,0.181721
202210,202506,32,262497191.780000,0.000278,0.095225,2. Alto,0.182495,0.181721
202210,202507,33,262497191.780000,0.000320,0.095225,2. Alto,0.182815,0.181721
202210,202508,34,262497191.780000,0.000157,0.095225,2. Alto,0.182972,0.181721
202210,202509,35,262497191.780000,0.000260,0.095225,2. Alto,0.183232,0.181721
202210,202510,36,262497191.780000,0.000132,0.095225,2. Alto,0.183364,0.181721
202211,202211,0,256195027.760000,0.010036,0.095770,2. Alto,0.010036,0.176325
202211,202212,1,256195027.760000,-0.000282,0.095770,2. Alto,0.009754,0.176325
202211,202301,2,256195027.760000,0.004920,0.095770,2. Alto,0.014674,0.176325
202211,202302,3,256195027.760000,0.010735,0.095770,2. Alto,0.025409,0.176325
202211,202303,4,256195027.760000,0.016572,0.095770,2. Alto,0.041981,0.176325
202211,202304,5,256195027.760000,0.017293,0.095770,2. Alto,0.059274,0.176325
202211,202305,6,256195027.760000,0.014708,0.095770,2. Alto,0.073982,0.176325
202211,202306,7,256195027.760000,0.015024,0.095770,2. Alto,0.089006,0.176325
202211,202307,8,256195027.760000,0.011542,0.095770,2. Alto,0.100548,0.176325
202211,202308,9,256195027.760000,0.008779,0.095770,2. Alto,0.109327,0.176325
202211,202309,10,256195027.760000,0.006190,0.095770,2. Alto,0.115517,0.176325
202211,202310,11,256195027.760000,0.007754,0.095770,2. Alto,0.123271,0.176325
202211,202311,12,256195027.760000,0.005786,0.095770,2. Alto,0.129057,0.176325
202211,202312,13,256195027.760000,0.006330,0.095770,2. Alto,0.135387,0.176325
202211,202401,14,256195027.760000,0.005561,0.095770,2. Alto,0.140948,0.176325
202211,202402,15,256195027.760000,0.005067,0.095770,2. Alto,0.146015,0.176325
202211,202403,16,256195027.760000,0.004670,0.095770,2. Alto,0.150685,0.176325
202211,202404,17,256195027.760000,0.004582,0.095770,2. Alto,0.155267,0.176325
202211,202405,18,256195027.760000,0.003253,0.095770,2. Alto,0.158520,0.176325
202211,202406,19,256195027.760000,0.003472,0.095770,2. Alto,0.161992,0.176325
202211,202407,20,256195027.760000,0.002341,0.095770,2. Alto,0.164333,0.176325
202211,202408,21,256195027.760000,0.001859,0.095770,2. Alto,0.166192,0.176325
202211,202409,22,256195027.760000,0.001201,0.095770,2. Alto,0.167393,0.176325
202211,202410,23,256195027.760000,0.001458,0.095770,2. Alto,0.168851,0.176325
202211,202411,24,256195027.760000,0.001288,0.095770,2. Alto,0.170139,0.176325
202211,202412,25,256195027.760000,0.001297,0.095770,2. Alto,0.171436,0.176325
202211,202501,26,256195027.760000,0.001407,0.095770,2. Alto,0.172843,0.176325
202211,202502,27,256195027.760000,0.000840,0.095770,2. Alto,0.173683,0.176325
202211,202503,28,256195027.760000,0.000909,0.095770,2. Alto,0.174592,0.176325
202211,202504,29,256195027.760000,0.000906,0.095770,2. Alto,0.175498,0.176325
202211,202505,30,256195027.760000,0.000827,0.095770,2. Alto,0.176325,0.176325
202211,202506,31,256195027.760000,0.001026,0.095770,2. Alto,0.177351,0.176325
202211,202507,32,256195027.760000,0.000141,0.095770,2. Alto,0.177492,0.176325
202211,202508,33,256195027.760000,0.000686,0.095770,2. Alto,0.178178,0.176325
202211,202509,34,256195027.760000,0.000102,0.095770,2. Alto,0.178280,0.176325
202211,202510,35,256195027.760000,0.000303,0.095770,2. Alto,0.178583,0.176325
202212,202212,0,212677095.850000,0.010053,0.099105,2. Alto,0.010053,0.157351
202212,202301,1,212677095.850000,-0.000478,0.099105,2. Alto,0.009575,0.157351
202212,202302,2,212677095.850000,0.004819,0.099105,2. Alto,0.014394,0.157351
202212,202303,3,212677095.850000,0.013791,0.099105,2. Alto,0.028185,0.157351
202212,202304,4,212677095.850000,0.015074,0.099105,2. Alto,0.043259,0.157351
202212,202305,5,212677095.850000,0.015019,0.099105,2. Alto,0.058278,0.157351
202212,202306,6,212677095.850000,0.016426,0.099105,2. Alto,0.074704,0.157351
202212,202307,7,212677095.850000,0.010719,0.099105,2. Alto,0.085423,0.157351
202212,202308,8,212677095.850000,0.008330,0.099105,2. Alto,0.093753,0.157351
202212,202309,9,212677095.850000,0.006414,0.099105,2. Alto,0.100167,0.157351
202212,202310,10,212677095.850000,0.007020,0.099105,2. Alto,0.107187,0.157351
202212,202311,11,212677095.850000,0.005543,0.099105,2. Alto,0.112730,0.157351
202212,202312,12,212677095.850000,0.005104,0.099105,2. Alto,0.117834,0.157351
202212,202401,13,212677095.850000,0.006445,0.099105,2. Alto,0.124279,0.157351
202212,202402,14,212677095.850000,0.004117,0.099105,2. Alto,0.128396,0.157351
202212,202403,15,212677095.850000,0.005336,0.099105,2. Alto,0.133732,0.157351
202212,202404,16,212677095.850000,0.002883,0.099105,2. Alto,0.136615,0.157351
202212,202405,17,212677095.850000,0.003226,0.099105,2. Alto,0.139841,0.157351
202212,202406,18,212677095.850000,0.002722,0.099105,2. Alto,0.142563,0.157351
202212,202407,19,212677095.850000,0.001975,0.099105,2. Alto,0.144538,0.157351
202212,202408,20,212677095.850000,0.002340,0.099105,2. Alto,0.146878,0.157351
202212,202409,21,212677095.850000,0.000859,0.099105,2. Alto,0.147737,0.157351
202212,202410,22,212677095.850000,0.001662,0.099105,2. Alto,0.149399,0.157351
202212,202411,23,212677095.850000,0.000949,0.099105,2. Alto,0.150348,0.157351
202212,202412,24,212677095.850000,0.001571,0.099105,2. Alto,0.151919,0.157351
202212,202501,25,212677095.850000,0.001679,0.099105,2. Alto,0.153598,0.157351
202212,202502,26,212677095.850000,0.000816,0.099105,2. Alto,0.154414,0.157351
202212,202503,27,212677095.850000,0.001070,0.099105,2. Alto,0.155484,0.157351
202212,202504,28,212677095.850000,0.000657,0.099105,2. Alto,0.156141,0.157351
202212,202505,29,212677095.850000,0.000563,0.099105,2. Alto,0.156704,0.157351
202212,202506,30,212677095.850000,0.000647,0.099105,2. Alto,0.157351,0.157351
202212,202507,31,212677095.850000,0.000294,0.099105,2. Alto,0.157645,0.157351
202212,202508,32,212677095.850000,0.000331,0.099105,2. Alto,0.157976,0.157351
202212,202509,33,212677095.850000,0.000018,0.099105,2. Alto,0.157994,0.157351
202212,202510,34,212677095.850000,0.000185,0.099105,2. Alto,0.158179,0.157351
202301,202301,0,227659394.360000,0.010160,0.105985,1. Muy Alto,0.010160,0.157236
202301,202302,1,227659394.360000,-0.000289,0.105985,1. Muy Alto,0.009871,0.157236
202301,202303,2,227659394.360000,0.005419,0.105985,1. Muy Alto,0.015290,0.157236
202301,202304,3,227659394.360000,0.014814,0.105985,1. Muy Alto,0.030104,0.157236
202301,202305,4,227659394.360000,0.015469,0.105985,1. Muy Alto,0.045573,0.157236
202301,202306,5,227659394.360000,0.017845,0.105985,1. Muy Alto,0.063418,0.157236
202301,202307,6,227659394.360000,0.015149,0.105985,1. Muy Alto,0.078567,0.157236
202301,202308,7,227659394.360000,0.010318,0.105985,1. Muy Alto,0.088885,0.157236
202301,202309,8,227659394.360000,0.006932,0.105985,1. Muy Alto,0.095817,0.157236
202301,202310,9,227659394.360000,0.007307,0.105985,1. Muy Alto,0.103124,0.157236
202301,202311,10,227659394.360000,0.005130,0.105985,1. Muy Alto,0.108254,0.157236
202301,202312,11,227659394.360000,0.005813,0.105985,1. Muy Alto,0.114067,0.157236
202301,202401,12,227659394.360000,0.006022,0.105985,1. Muy Alto,0.120089,0.157236
202301,202402,13,227659394.360000,0.004619,0.105985,1. Muy Alto,0.124708,0.157236
202301,202403,14,227659394.360000,0.005608,0.105985,1. Muy Alto,0.130316,0.157236
202301,202404,15,227659394.360000,0.004807,0.105985,1. Muy Alto,0.135123,0.157236
202301,202405,16,227659394.360000,0.004766,0.105985,1. Muy Alto,0.139889,0.157236
202301,202406,17,227659394.360000,0.002647,0.105985,1. Muy Alto,0.142536,0.157236
202301,202407,18,227659394.360000,0.002891,0.105985,1. Muy Alto,0.145427,0.157236
202301,202408,19,227659394.360000,0.001687,0.105985,1. Muy Alto,0.147114,0.157236
202301,202409,20,227659394.360000,0.001345,0.105985,1. Muy Alto,0.148459,0.157236
202301,202410,21,227659394.360000,0.001335,0.105985,1. Muy Alto,0.149794,0.157236
202301,202411,22,227659394.360000,0.001241,0.105985,1. Muy Alto,0.151035,0.157236
202301,202412,23,227659394.360000,0.001077,0.105985,1. Muy Alto,0.152112,0.157236
202301,202501,24,227659394.360000,0.001338,0.105985,1. Muy Alto,0.153450,0.157236
202301,202502,25,227659394.360000,0.000650,0.105985,1. Muy Alto,0.154100,0.157236
202301,202503,26,227659394.360000,0.000591,0.105985,1. Muy Alto,0.154691,0.157236
202301,202504,27,227659394.360000,0.000824,0.105985,1. Muy Alto,0.155515,0.157236
202301,202505,28,227659394.360000,0.000418,0.105985,1. Muy Alto,0.155933,0.157236
202301,202506,29,227659394.360000,0.000593,0.105985,1. Muy Alto,0.156526,0.157236
202301,202507,30,227659394.360000,0.000710,0.105985,1. Muy Alto,0.157236,0.157236
202301,202508,31,227659394.360000,0.000599,0.105985,1. Muy Alto,0.157835,0.157236
202301,202509,32,227659394.360000,0.000434,0.105985,1. Muy Alto,0.158269,0.157236
202301,202510,33,227659394.360000,0.000386,0.105985,1. Muy Alto,0.158655,0.157236
202302,202302,0,248977063.050000,0.010090,0.096678,2. Alto,0.010090,0.138222
202302,202303,1,248977063.050000,-0.000215,0.096678,2. Alto,0.009875,0.138222
202302,202304,2,248977063.050000,0.006219,0.096678,2. Alto,0.016094,0.138222
202302,202305,3,248977063.050000,0.013562,0.096678,2. Alto,0.029656,0.138222
202302,202306,4,248977063.050000,0.013290,0.096678,2. Alto,0.042946,0.138222
202302,202307,5,248977063.050000,0.015143,0.096678,2. Alto,0.058089,0.138222
202302,202308,6,248977063.050000,0.011113,0.096678,2. Alto,0.069202,0.138222
202302,202309,7,248977063.050000,0.006598,0.096678,2. Alto,0.075800,0.138222
202302,202310,8,248977063.050000,0.008418,0.096678,2. Alto,0.084218,0.138222
202302,202311,9,248977063.050000,0.005166,0.096678,2. Alto,0.089384,0.138222
202302,202312,10,248977063.050000,0.006707,0.096678,2. Alto,0.096091,0.138222
202302,202401,11,248977063.050000,0.006711,0.096678,2. Alto,0.102802,0.138222
202302,202402,12,248977063.050000,0.004825,0.096678,2. Alto,0.107627,0.138222
202302,202403,13,248977063.050000,0.004238,0.096678,2. Alto,0.111865,0.138222
202302,202404,14,248977063.050000,0.004404,0.096678,2. Alto,0.116269,0.138222
202302,202405,15,248977063.050000,0.003708,0.096678,2. Alto,0.119977,0.138222
202302,202406,16,248977063.050000,0.003198,0.096678,2. Alto,0.123175,0.138222
202302,202407,17,248977063.050000,0.002825,0.096678,2. Alto,0.126000,0.138222
202302,202408,18,248977063.050000,0.002013,0.096678,2. Alto,0.128013,0.138222
202302,202409,19,248977063.050000,0.000390,0.096678,2. Alto,0.128403,0.138222
202302,202410,20,248977063.050000,0.001246,0.096678,2. Alto,0.129649,0.138222
202302,202411,21,248977063.050000,0.001165,0.096678,2. Alto,0.130814,0.138222
202302,202412,22,248977063.050000,0.000407,0.096678,2. Alto,0.131221,0.138222
202302,202501,23,248977063.050000,0.001470,0.096678,2. Alto,0.132691,0.138222
202302,202502,24,248977063.050000,0.000485,0.096678,2. Alto,0.133176,0.138222
202302,202503,25,248977063.050000,0.001256,0.096678,2. Alto,0.134432,0.138222
202302,202504,26,248977063.050000,0.000991,0.096678,2. Alto,0.135423,0.138222
202302,202505,27,248977063.050000,0.001282,0.096678,2. Alto,0.136705,0.138222
202302,202506,28,248977063.050000,0.000496,0.096678,2. Alto,0.137201,0.138222
202302,202507,29,248977063.050000,0.000319,0.096678,2. Alto,0.137520,0.138222
202302,202508,30,248977063.050000,0.000702,0.096678,2. Alto,0.138222,0.138222
202302,202509,31,248977063.050000,0.000077,0.096678,2. Alto,0.138299,0.138222
202302,202510,32,248977063.050000,0.000313,0.096678,2. Alto,0.138612,0.138222
202303,202303,0,201282879.820000,0.010210,0.092284,2. Alto,0.010210,0.128389
202303,202304,1,201282879.820000,-0.000527,0.092284,2. Alto,0.009683,0.128389
202303,202305,2,201282879.820000,0.004752,0.092284,2. Alto,0.014435,0.128389
202303,202306,3,201282879.820000,0.012211,0.092284,2. Alto,0.026646,0.128389
202303,202307,4,201282879.820000,0.012785,0.092284,2. Alto,0.039431,0.128389
202303,202308,5,201282879.820000,0.010325,0.092284,2. Alto,0.049756,0.128389
202303,202309,6,201282879.820000,0.009119,0.092284,2. Alto,0.058875,0.128389
202303,202310,7,201282879.820000,0.007663,0.092284,2. Alto,0.066538,0.128389
202303,202311,8,201282879.820000,0.006092,0.092284,2. Alto,0.072630,0.128389
202303,202312,9,201282879.820000,0.006930,0.092284,2. Alto,0.079560,0.128389
202303,202401,10,201282879.820000,0.006772,0.092284,2. Alto,0.086332,0.128389
202303,202402,11,201282879.820000,0.004199,0.092284,2. Alto,0.090531,0.128389
202303,202403,12,201282879.820000,0.005917,0.092284,2. Alto,0.096448,0.128389
202303,202404,13,201282879.820000,0.004731,0.092284,2. Alto,0.101179,0.128389
202303,202405,14,201282879.820000,0.004384,0.092284,2. Alto,0.105563,0.128389
202303,202406,15,201282879.820000,0.002968,0.092284,2. Alto,0.108531,0.128389
202303,202407,16,201282879.820000,0.002965,0.092284,2. Alto,0.111496,0.128389
202303,202408,17,201282879.820000,0.002129,0.092284,2. Alto,0.113625,0.128389
202303,202409,18,201282879.820000,0.002377,0.092284,2. Alto,0.116002,0.128389
202303,202410,19,201282879.820000,0.001770,0.092284,2. Alto,0.117772,0.128389
202303,202411,20,201282879.820000,0.001780,0.092284,2. Alto,0.119552,0.128389
202303,202412,21,201282879.820000,0.000693,0.092284,2. Alto,0.120245,0.128389
202303,202501,22,201282879.820000,0.001413,0.092284,2. Alto,0.121658,0.128389
202303,202502,23,201282879.820000,0.000636,0.092284,2. Alto,0.122294,0.128389
202303,202503,24,201282879.820000,0.001346,0.092284,2. Alto,0.123640,0.128389
202303,202504,25,201282879.820000,0.001093,0.092284,2. Alto,0.124733,0.128389
202303,202505,26,201282879.820000,0.001476,0.092284,2. Alto,0.126209,0.128389
202303,202506,27,201282879.820000,0.000671,0.092284,2. Alto,0.126880,0.128389
202303,202507,28,201282879.820000,0.000944,0.092284,2. Alto,0.127824,0.128389
202303,202508,29,201282879.820000,0.000561,0.092284,2. Alto,0.128385,0.128389
202303,202509,30,201282879.820000,0.000004,0.092284,2. Alto,0.128389,0.128389
202303,202510,31,201282879.820000,0.000927,0.092284,2. Alto,0.129316,0.128389
202304,202304,0,152966661.390000,0.010041,0.103803,1. Muy Alto,0.010041,0.134931
202304,202305,1,152966661.390000,-0.000097,0.103803,1. Muy Alto,0.009944,0.134931
202304,202306,2,152966661.390000,0.005615,0.103803,1. Muy Alto,0.015559,0.134931
202304,202307,3,152966661.390000,0.014562,0.103803,1. Muy Alto,0.030121,0.134931
202304,202308,4,152966661.390000,0.006665,0.103803,1. Muy Alto,0.036786,0.134931
202304,202309,5,152966661.390000,0.011569,0.103803,1. Muy Alto,0.048355,0.134931
202304,202310,6,152966661.390000,0.011033,0.103803,1. Muy Alto,0.059388,0.134931
202304,202311,7,152966661.390000,0.007579,0.103803,1. Muy Alto,0.066967,0.134931
202304,202312,8,152966661.390000,0.008462,0.103803,1. Muy Alto,0.075429,0.134931
202304,202401,9,152966661.390000,0.009288,0.103803,1. Muy Alto,0.084717,0.134931
202304,202402,10,152966661.390000,0.005316,0.103803,1. Muy Alto,0.090033,0.134931
202304,202403,11,152966661.390000,0.005832,0.103803,1. Muy Alto,0.095865,0.134931
202304,202404,12,152966661.390000,0.006417,0.103803,1. Muy Alto,0.102282,0.134931
202304,202405,13,152966661.390000,0.004588,0.103803,1. Muy Alto,0.106870,0.134931
202304,202406,14,152966661.390000,0.005126,0.103803,1. Muy Alto,0.111996,0.134931
202304,202407,15,152966661.390000,0.002967,0.103803,1. Muy Alto,0.114963,0.134931
202304,202408,16,152966661.390000,0.003770,0.103803,1. Muy Alto,0.118733,0.134931
202304,202409,17,152966661.390000,0.000456,0.103803,1. Muy Alto,0.119189,0.134931
202304,202410,18,152966661.390000,0.002409,0.103803,1. Muy Alto,0.121598,0.134931
202304,202411,19,152966661.390000,0.000545,0.103803,1. Muy Alto,0.122143,0.134931
202304,202412,20,152966661.390000,0.001776,0.103803,1. Muy Alto,0.123919,0.134931
202304,202501,21,152966661.390000,0.001335,0.103803,1. Muy Alto,0.125254,0.134931
202304,202502,22,152966661.390000,0.001437,0.103803,1. Muy Alto,0.126691,0.134931
202304,202503,23,152966661.390000,0.001985,0.103803,1. Muy Alto,0.128676,0.134931
202304,202504,24,152966661.390000,0.000885,0.103803,1. Muy Alto,0.129561,0.134931
202304,202505,25,152966661.390000,0.001641,0.103803,1. Muy Alto,0.131202,0.134931
202304,202506,26,152966661.390000,0.000735,0.103803,1. Muy Alto,0.131937,0.134931
202304,202507,27,152966661.390000,0.000983,0.103803,1. Muy Alto,0.132920,0.134931
202304,202508,28,152966661.390000,0.001206,0.103803,1. Muy Alto,0.134126,0.134931
202304,202509,29,152966661.390000,-0.000034,0.103803,1. Muy Alto,0.134092,0.134931
202304,202510,30,152966661.390000,0.000839,0.103803,1. Muy Alto,0.134931,0.134931
202305,202305,0,137973476.850000,0.010096,0.097161,2. Alto,0.010096,
202305,202306,1,137973476.850000,-0.000244,0.097161,2. Alto,0.009852,
202305,202307,2,137973476.850000,0.004210,0.097161,2. Alto,0.014062,
202305,202308,3,137973476.850000,0.006652,0.097161,2. Alto,0.020714,
202305,202309,4,137973476.850000,0.007158,0.097161,2. Alto,0.027872,
202305,202310,5,137973476.850000,0.012094,0.097161,2. Alto,0.039966,
202305,202311,6,137973476.850000,0.008511,0.097161,2. Alto,0.048477,
202305,202312,7,137973476.850000,0.007655,0.097161,2. Alto,0.056132,
202305,202401,8,137973476.850000,0.007809,0.097161,2. Alto,0.063941,
202305,202402,9,137973476.850000,0.004934,0.097161,2. Alto,0.068875,
202305,202403,10,137973476.850000,0.005502,0.097161,2. Alto,0.074377,
202305,202404,11,137973476.850000,0.005848,0.097161,2. Alto,0.080225,
202305,202405,12,137973476.850000,0.005953,0.097161,2. Alto,0.086178,
202305,202406,13,137973476.850000,0.005004,0.097161,2. Alto,0.091182,
202305,202407,14,137973476.850000,0.003172,0.097161,2. Alto,0.094354,
202305,202408,15,137973476.850000,0.002990,0.097161,2. Alto,0.097344,
202305,202409,16,137973476.850000,0.002088,0.097161,2. Alto,0.099432,
202305,202410,17,137973476.850000,0.001596,0.097161,2. Alto,0.101028,
202305,202411,18,137973476.850000,0.001430,0.097161,2. Alto,0.102458,
202305,202412,19,137973476.850000,0.001721,0.097161,2. Alto,0.104179,
202305,202501,20,137973476.850000,0.001477,0.097161,2. Alto,0.105656,
202305,202502,21,137973476.850000,0.001290,0.097161,2. Alto,0.106946,
202305,202503,22,137973476.850000,0.000822,0.097161,2. Alto,0.107768,
202305,202504,23,137973476.850000,0.001882,0.097161,2. Alto,0.109650,
202305,202505,24,137973476.850000,0.001017,0.097161,2. Alto,0.110667,
202305,202506,25,137973476.850000,0.001228,0.097161,2. Alto,0.111895,
202305,202507,26,137973476.850000,0.000810,0.097161,2. Alto,0.112705,
202305,202508,27,137973476.850000,0.000718,0.097161,2. Alto,0.113423,
202305,202509,28,137973476.850000,0.000946,0.097161,2. Alto,0.114369,
202305,202510,29,137973476.850000,0.000525,0.097161,2. Alto,0.114894,
202306,202306,0,124420975.640000,0.010064,0.101166,2. Alto,0.010064,
202306,202307,1,124420975.640000,-0.000380,0.101166,2. Alto,0.009684,
202306,202308,2,124420975.640000,0.002689,0.101166,2. Alto,0.012373,
202306,202309,3,124420975.640000,0.006834,0.101166,2. Alto,0.019207,
202306,202310,4,124420975.640000,0.008133,0.101166,2. Alto,0.027340,
202306,202311,5,124420975.640000,0.009459,0.101166,2. Alto,0.036799,
202306,202312,6,124420975.640000,0.010615,0.101166,2. Alto,0.047414,
202306,202401,7,124420975.640000,0.008570,0.101166,2. Alto,0.055984,
202306,202402,8,124420975.640000,0.004843,0.101166,2. Alto,0.060827,
202306,202403,9,124420975.640000,0.006004,0.101166,2. Alto,0.066831,
202306,202404,10,124420975.640000,0.005093,0.101166,2. Alto,0.071924,
202306,202405,11,124420975.640000,0.005311,0.101166,2. Alto,0.077235,
202306,202406,12,124420975.640000,0.003627,0.101166,2. Alto,0.080862,
202306,202407,13,124420975.640000,0.003180,0.101166,2. Alto,0.084042,
202306,202408,14,124420975.640000,0.003475,0.101166,2. Alto,0.087517,
202306,202409,15,124420975.640000,0.001230,0.101166,2. Alto,0.088747,
202306,202410,16,124420975.640000,0.002964,0.101166,2. Alto,0.091711,
202306,202411,17,124420975.640000,0.002642,0.101166,2. Alto,0.094353,
202306,202412,18,124420975.640000,0.000316,0.101166,2. Alto,0.094669,
202306,202501,19,124420975.640000,0.001634,0.101166,2. Alto,0.096303,
202306,202502,20,124420975.640000,0.001955,0.101166,2. Alto,0.098258,
202306,202503,21,124420975.640000,0.001425,0.101166,2. Alto,0.099683,
202306,202504,22,124420975.640000,0.001123,0.101166,2. Alto,0.100806,
202306,202505,23,124420975.640000,0.002478,0.101166,2. Alto,0.103284,
202306,202506,24,124420975.640000,0.001373,0.101166,2. Alto,0.104657,
202306,202507,25,124420975.640000,0.002306,0.101166,2. Alto,0.106963,
202306,202508,26,124420975.640000,0.001508,0.101166,2. Alto,0.108471,
202306,202509,27,124420975.640000,0.000918,0.101166,2. Alto,0.109389,
202306,202510,28,124420975.640000,0.000438,0.101166,2. Alto,0.109827,
202307,202307,0,129675284.730000,0.010072,0.094044,2. Alto,0.010072,
202307,202308,1,129675284.730000,-0.000399,0.094044,2. Alto,0.009673,
202307,202309,2,129675284.730000,0.002447,0.094044,2. Alto,0.012120,
202307,202310,3,129675284.730000,0.006457,0.094044,2. Alto,0.018577,
202307,202311,4,129675284.730000,0.007733,0.094044,2. Alto,0.026310,
202307,202312,5,129675284.730000,0.008356,0.094044,2. Alto,0.034666,
202307,202401,6,129675284.730000,0.010225,0.094044,2. Alto,0.044891,
202307,202402,7,129675284.730000,0.005635,0.094044,2. Alto,0.050526,
202307,202403,8,129675284.730000,0.006985,0.094044,2. Alto,0.057511,
202307,202404,9,129675284.730000,0.005549,0.094044,2. Alto,0.063060,
202307,202405,10,129675284.730000,0.006264,0.094044,2. Alto,0.069324,
202307,202406,11,129675284.730000,0.005875,0.094044,2. Alto,0.075199,
202307,202407,12,129675284.730000,0.003102,0.094044,2. Alto,0.078301,
202307,202408,13,129675284.730000,0.002659,0.094044,2. Alto,0.080960,
202307,202409,14,129675284.730000,0.002100,0.094044,2. Alto,0.083060,
202307,202410,15,129675284.730000,0.002591,0.094044,2. Alto,0.085651,
202307,202411,16,129675284.730000,0.001277,0.094044,2. Alto,0.086928,
202307,202412,17,129675284.730000,0.002870,0.094044,2. Alto,0.089798,
202307,202501,18,129675284.730000,0.002197,0.094044,2. Alto,0.091995,
202307,202502,19,129675284.730000,0.001586,0.094044,2. Alto,0.093581,
202307,202503,20,129675284.730000,0.001717,0.094044,2. Alto,0.095298,
202307,202504,21,129675284.730000,0.001551,0.094044,2. Alto,0.096849,
202307,202505,22,129675284.730000,0.001539,0.094044,2. Alto,0.098388,
202307,202506,23,129675284.730000,0.001600,0.094044,2. Alto,0.099988,
202307,202507,24,129675284.730000,0.000579,0.094044,2. Alto,0.100567,
202307,202508,25,129675284.730000,0.000784,0.094044,2. Alto,0.101351,
202307,202509,26,129675284.730000,0.001148,0.094044,2. Alto,0.102499,
202307,202510,27,129675284.730000,0.000993,0.094044,2. Alto,0.103492,
202308,202308,0,138399019.240000,0.010065,0.091405,2. Alto,0.010065,
202308,202309,1,138399019.240000,-0.000237,0.091405,2. Alto,0.009828,
202308,202310,2,138399019.240000,0.003067,0.091405,2. Alto,0.012895,
202308,202311,3,138399019.240000,0.006913,0.091405,2. Alto,0.019808,
202308,202312,4,138399019.240000,0.005704,0.091405,2. Alto,0.025512,
202308,202401,5,138399019.240000,0.010352,0.091405,2. Alto,0.035864,
202308,202402,6,138399019.240000,0.006689,0.091405,2. Alto,0.042553,
202308,202403,7,138399019.240000,0.005216,0.091405,2. Alto,0.047769,
202308,202404,8,138399019.240000,0.005752,0.091405,2. Alto,0.053521,
202308,202405,9,138399019.240000,0.004862,0.091405,2. Alto,0.058383,
202308,202406,10,138399019.240000,0.004823,0.091405,2. Alto,0.063206,
202308,202407,11,138399019.240000,0.002903,0.091405,2. Alto,0.066109,
202308,202408,12,138399019.240000,0.003870,0.091405,2. Alto,0.069979,
202308,202409,13,138399019.240000,0.001550,0.091405,2. Alto,0.071529,
202308,202410,14,138399019.240000,0.002318,0.091405,2. Alto,0.073847,
202308,202411,15,138399019.240000,0.002788,0.091405,2. Alto,0.076635,
202308,202412,16,138399019.240000,0.002034,0.091405,2. Alto,0.078669,
202308,202501,17,138399019.240000,0.001828,0.091405,2. Alto,0.080497,
202308,202502,18,138399019.240000,0.001910,0.091405,2. Alto,0.082407,
202308,202503,19,138399019.240000,0.000819,0.091405,2. Alto,0.083226,
202308,202504,20,138399019.240000,0.000737,0.091405,2. Alto,0.083963,
202308,202505,21,138399019.240000,0.001006,0.091405,2. Alto,0.084969,
202308,202506,22,138399019.240000,0.000639,0.091405,2. Alto,0.085608,
202308,202507,23,138399019.240000,0.000757,0.091405,2. Alto,0.086365,
202308,202508,24,138399019.240000,0.001063,0.091405,2. Alto,0.087428,
202308,202509,25,138399019.240000,0.000385,0.091405,2. Alto,0.087813,
202308,202510,26,138399019.240000,0.000963,0.091405,2. Alto,0.088776,
202309,202309,0,145040356.260000,0.010197,0.088960,2. Alto,0.010197,
202309,202310,1,145040356.260000,-0.000467,0.088960,2. Alto,0.009730,
202309,202311,2,145040356.260000,0.001603,0.088960,2. Alto,0.011333,
202309,202312,3,145040356.260000,0.003947,0.088960,2. Alto,0.015280,
202309,202401,4,145040356.260000,0.005910,0.088960,2. Alto,0.021190,
202309,202402,5,145040356.260000,0.006025,0.088960,2. Alto,0.027215,
202309,202403,6,145040356.260000,0.008407,0.088960,2. Alto,0.035622,
202309,202404,7,145040356.260000,0.007855,0.088960,2. Alto,0.043477,
202309,202405,8,145040356.260000,0.006895,0.088960,2. Alto,0.050372,
202309,202406,9,145040356.260000,0.008121,0.088960,2. Alto,0.058493,
202309,202407,10,145040356.260000,0.003610,0.088960,2. Alto,0.062103,
202309,202408,11,145040356.260000,0.005686,0.088960,2. Alto,0.067789,
202309,202409,12,145040356.260000,0.002085,0.088960,2. Alto,0.069874,
202309,202410,13,145040356.260000,0.002651,0.088960,2. Alto,0.072525,
202309,202411,14,145040356.260000,0.001985,0.088960,2. Alto,0.074510,
202309,202412,15,145040356.260000,0.002554,0.088960,2. Alto,0.077064,
202309,202501,16,145040356.260000,0.002347,0.088960,2. Alto,0.079411,
202309,202502,17,145040356.260000,0.002349,0.088960,2. Alto,0.081760,
202309,202503,18,145040356.260000,0.001845,0.088960,2. Alto,0.083605,
202309,202504,19,145040356.260000,0.000879,0.088960,2. Alto,0.084484,
202309,202505,20,145040356.260000,0.000883,0.088960,2. Alto,0.085367,
202309,202506,21,145040356.260000,0.001411,0.088960,2. Alto,0.086778,
202309,202507,22,145040356.260000,0.000491,0.088960,2. Alto,0.087269,
202309,202508,23,145040356.260000,0.001337,0.088960,2. Alto,0.088606,
202309,202509,24,145040356.260000,0.000617,0.088960,2. Alto,0.089223,
202309,202510,25,145040356.260000,0.001171,0.088960,2. Alto,0.090394,
202310,202310,0,149118917.200000,0.010131,0.076259,2. Alto,0.010131,
202310,202311,1,149118917.200000,-0.000350,0.076259,2. Alto,0.009781,
202310,202312,2,149118917.200000,0.002262,0.076259,2. Alto,0.012043,
202310,202401,3,149118917.200000,0.005304,0.076259,2. Alto,0.017347,
202310,202402,4,149118917.200000,0.004599,0.076259,2. Alto,0.021946,
202310,202403,5,149118917.200000,0.008648,0.076259,2. Alto,0.030594,
202310,202404,6,149118917.200000,0.006293,0.076259,2. Alto,0.036887,
202310,202405,7,149118917.200000,0.006043,0.076259,2. Alto,0.042930,
202310,202406,8,149118917.200000,0.005592,0.076259,2. Alto,0.048522,
202310,202407,9,149118917.200000,0.004161,0.076259,2. Alto,0.052683,
202310,202408,10,149118917.200000,0.002771,0.076259,2. Alto,0.055454,
202310,202409,11,149118917.200000,0.002111,0.076259,2. Alto,0.057565,
202310,202410,12,149118917.200000,0.003225,0.076259,2. Alto,0.060790,
202310,202411,13,149118917.200000,0.001199,0.076259,2. Alto,0.061989,
202310,202412,14,149118917.200000,0.001625,0.076259,2. Alto,0.063614,
202310,202501,15,149118917.200000,0.002055,0.076259,2. Alto,0.065669,
202310,202502,16,149118917.200000,0.001413,0.076259,2. Alto,0.067082,
202310,202503,17,149118917.200000,0.001295,0.076259,2. Alto,0.068377,
202310,202504,18,149118917.200000,0.000999,0.076259,2. Alto,0.069376,
202310,202505,19,149118917.200000,0.001424,0.076259,2. Alto,0.070800,
202310,202506,20,149118917.200000,0.001375,0.076259,2. Alto,0.072175,
202310,202507,21,149118917.200000,0.001015,0.076259,2. Alto,0.073190,
202310,202508,22,149118917.200000,0.001602,0.076259,2. Alto,0.074792,
202310,202509,23,149118917.200000,0.000748,0.076259,2. Alto,0.075540,
202310,202510,24,149118917.200000,0.000596,0.076259,2. Alto,0.076136,
202311,202311,0,124715122.170000,0.010060,0.073982,3. Medio II,0.010060,
202311,202312,1,124715122.170000,-0.000370,0.073982,3. Medio II,0.009690,
202311,202401,2,124715122.170000,0.002042,0.073982,3. Medio II,0.011732,
202311,202402,3,124715122.170000,0.004940,0.073982,3. Medio II,0.016672,
202311,202403,4,124715122.170000,0.007056,0.073982,3. Medio II,0.023728,
202311,202404,5,124715122.170000,0.007218,0.073982,3. Medio II,0.030946,
202311,202405,6,124715122.170000,0.009625,0.073982,3. Medio II,0.040571,
202311,202406,7,124715122.170000,0.006769,0.073982,3. Medio II,0.047340,
202311,202407,8,124715122.170000,0.005023,0.073982,3. Medio II,0.052363,
202311,202408,9,124715122.170000,0.005245,0.073982,3. Medio II,0.057608,
202311,202409,10,124715122.170000,0.002424,0.073982,3. Medio II,0.060032,
202311,202410,11,124715122.170000,0.003179,0.073982,3. Medio II,0.063211,
202311,202411,12,124715122.170000,0.002403,0.073982,3. Medio II,0.065614,
202311,202412,13,124715122.170000,0.002961,0.073982,3. Medio II,0.068575,
202311,202501,14,124715122.170000,0.002719,0.073982,3. Medio II,0.071294,
202311,202502,15,124715122.170000,0.002033,0.073982,3. Medio II,0.073327,
202311,202503,16,124715122.170000,0.001014,0.073982,3. Medio II,0.074341,
202311,202504,17,124715122.170000,0.002049,0.073982,3. Medio II,0.076390,
202311,202505,18,124715122.170000,0.001111,0.073982,3. Medio II,0.077501,
202311,202506,19,124715122.170000,0.001364,0.073982,3. Medio II,0.078865,
202311,202507,20,124715122.170000,0.001004,0.073982,3. Medio II,0.079869,
202311,202508,21,124715122.170000,0.000839,0.073982,3. Medio II,0.080708,
202311,202509,22,124715122.170000,0.000109,0.073982,3. Medio II,0.080817,
202311,202510,23,124715122.170000,0.000748,0.073982,3. Medio II,0.081565,
202312,202312,0,119385365.910000,0.010019,0.064386,3. Medio II,0.010019,
202312,202401,1,119385365.910000,-0.000349,0.064386,3. Medio II,0.009670,
202312,202402,2,119385365.910000,0.001979,0.064386,3. Medio II,0.011649,
202312,202403,3,119385365.910000,0.006341,0.064386,3. Medio II,0.017990,
202312,202404,4,119385365.910000,0.006212,0.064386,3. Medio II,0.024202,
202312,202405,5,119385365.910000,0.009614,0.064386,3. Medio II,0.033816,
202312,202406,6,119385365.910000,0.008309,0.064386,3. Medio II,0.042125,
202312,202407,7,119385365.910000,0.005519,0.064386,3. Medio II,0.047644,
202312,202408,8,119385365.910000,0.006465,0.064386,3. Medio II,0.054109,
202312,202409,9,119385365.910000,0.003005,0.064386,3. Medio II,0.057114,
202312,202410,10,119385365.910000,0.004574,0.064386,3. Medio II,0.061688,
202312,202411,11,119385365.910000,0.003831,0.064386,3. Medio II,0.065519,
202312,202412,12,119385365.910000,0.001968,0.064386,3. Medio II,0.067487,
202312,202501,13,119385365.910000,0.001966,0.064386,3. Medio II,0.069453,
202312,202502,14,119385365.910000,0.001611,0.064386,3. Medio II,0.071064,
202312,202503,15,119385365.910000,0.001336,0.064386,3. Medio II,0.072400,
202312,202504,16,119385365.910000,0.001995,0.064386,3. Medio II,0.074395,
202312,202505,17,119385365.910000,0.000903,0.064386,3. Medio II,0.075298,
202312,202506,18,119385365.910000,0.001398,0.064386,3. Medio II,0.076696,
202312,202507,19,119385365.910000,0.001130,0.064386,3. Medio II,0.077826,
202312,202508,20,119385365.910000,0.001311,0.064386,3. Medio II,0.079137,
202312,202509,21,119385365.910000,0.001140,0.064386,3. Medio II,0.080277,
202312,202510,22,119385365.910000,0.000883,0.064386,3. Medio II,0.081160,
202401,202401,0,123109432.290000,0.010029,0.062337,3. Medio II,0.010029,
202401,202402,1,123109432.290000,-0.000629,0.062337,3. Medio II,0.009400,
202401,202403,2,123109432.290000,0.001191,0.062337,3. Medio II,0.010591,
202401,202404,3,123109432.290000,0.004107,0.062337,3. Medio II,0.014698,
202401,202405,4,123109432.290000,0.005813,0.062337,3. Medio II,0.020511,
202401,202406,5,123109432.290000,0.007874,0.062337,3. Medio II,0.028385,
202401,202407,6,123109432.290000,0.006222,0.062337,3. Medio II,0.034607,
202401,202408,7,123109432.290000,0.007155,0.062337,3. Medio II,0.041762,
202401,202409,8,123109432.290000,0.002777,0.062337,3. Medio II,0.044539,
202401,202410,9,123109432.290000,0.002757,0.062337,3. Medio II,0.047296,
202401,202411,10,123109432.290000,0.001911,0.062337,3. Medio II,0.049207,
202401,202412,11,123109432.290000,0.001956,0.062337,3. Medio II,0.051163,
202401,202501,12,123109432.290000,0.003436,0.062337,3. Medio II,0.054599,
202401,202502,13,123109432.290000,0.001165,0.062337,3. Medio II,0.055764,
202401,202503,14,123109432.290000,0.001972,0.062337,3. Medio II,0.057736,
202401,202504,15,123109432.290000,0.001957,0.062337,3. Medio II,0.059693,
202401,202505,16,123109432.290000,0.001963,0.062337,3. Medio II,0.061656,
202401,202506,17,123109432.290000,0.001158,0.062337,3. Medio II,0.062814,
202401,202507,18,123109432.290000,0.001527,0.062337,3. Medio II,0.064341,
202401,202508,19,123109432.290000,0.001697,0.062337,3. Medio II,0.066038,
202401,202509,20,123109432.290000,0.000359,0.062337,3. Medio II,0.066397,
202401,202510,21,123109432.290000,0.001024,0.062337,3. Medio II,0.067421,
202402,202402,0,156177932.030000,0.010068,0.058357,3. Medio II,0.010068,
202402,202403,1,156177932.030000,-0.000268,0.058357,3. Medio II,0.009800,
202402,202404,2,156177932.030000,0.001924,0.058357,3. Medio II,0.011724,
202402,202405,3,156177932.030000,0.005637,0.058357,3. Medio II,0.017361,
202402,202406,4,156177932.030000,0.005941,0.058357,3. Medio II,0.023302,
202402,202407,5,156177932.030000,0.007178,0.058357,3. Medio II,0.030480,
202402,202408,6,156177932.030000,0.006754,0.058357,3. Medio II,0.037234,
202402,202409,7,156177932.030000,0.004309,0.058357,3. Medio II,0.041543,
202402,202410,8,156177932.030000,0.003973,0.058357,3. Medio II,0.045516,
202402,202411,9,156177932.030000,0.002627,0.058357,3. Medio II,0.048143,
202402,202412,10,156177932.030000,0.002741,0.058357,3. Medio II,0.050884,
202402,202501,11,156177932.030000,0.003495,0.058357,3. Medio II,0.054379,
202402,202502,12,156177932.030000,0.001526,0.058357,3. Medio II,0.055905,
202402,202503,13,156177932.030000,0.002194,0.058357,3. Medio II,0.058099,
202402,202504,14,156177932.030000,0.002102,0.058357,3. Medio II,0.060201,
202402,202505,15,156177932.030000,0.001764,0.058357,3. Medio II,0.061965,
202402,202506,16,156177932.030000,0.001749,0.058357,3. Medio II,0.063714,
202402,202507,17,156177932.030000,0.001756,0.058357,3. Medio II,0.065470,
202402,202508,18,156177932.030000,0.001229,0.058357,3. Medio II,0.066699,
202402,202509,19,156177932.030000,0.000779,0.058357,3. Medio II,0.067478,
202402,202510,20,156177932.030000,0.000692,0.058357,3. Medio II,0.068170,
202403,202403,0,168724428.230000,0.010028,0.050642,3. Medio II,0.010028,
202403,202404,1,168724428.230000,-0.000606,0.050642,3. Medio II,0.009422,
202403,202405,2,168724428.230000,0.001604,0.050642,3. Medio II,0.011026,
202403,202406,3,168724428.230000,0.004586,0.050642,3. Medio II,0.015612,
202403,202407,4,168724428.230000,0.004391,0.050642,3. Medio II,0.020003,
202403,202408,5,168724428.230000,0.006764,0.050642,3. Medio II,0.026767,
202403,202409,6,168724428.230000,0.003896,0.050642,3. Medio II,0.030663,
202403,202410,7,168724428.230000,0.004198,0.050642,3. Medio II,0.034861,
202403,202411,8,168724428.230000,0.002429,0.050642,3. Medio II,0.037290,
202403,202412,9,168724428.230000,0.002281,0.050642,3. Medio II,0.039571,
202403,202501,10,168724428.230000,0.002329,0.050642,3. Medio II,0.041900,
202403,202502,11,168724428.230000,0.001503,0.050642,3. Medio II,0.043403,
202403,202503,12,168724428.230000,0.002315,0.050642,3. Medio II,0.045718,
202403,202504,13,168724428.230000,0.001905,0.050642,3. Medio II,0.047623,
202403,202505,14,168724428.230000,0.001850,0.050642,3. Medio II,0.049473,
202403,202506,15,168724428.230000,0.002204,0.050642,3. Medio II,0.051677,
202403,202507,16,168724428.230000,0.000643,0.050642,3. Medio II,0.052320,
202403,202508,17,168724428.230000,0.001651,0.050642,3. Medio II,0.053971,
202403,202509,18,168724428.230000,0.000797,0.050642,3. Medio II,0.054768,
202403,202510,19,168724428.230000,0.001172,0.050642,3. Medio II,0.055940,
202404,202404,0,198815493.150000,0.010039,0.051461,3. Medio II,0.010039,
202404,202405,1,198815493.150000,-0.000467,0.051461,3. Medio II,0.009572,
202404,202406,2,198815493.150000,0.001765,0.051461,3. Medio II,0.011337,
202404,202407,3,198815493.150000,0.005551,0.051461,3. Medio II,0.016888,
202404,202408,4,198815493.150000,0.007126,0.051461,3. Medio II,0.024014,
202404,202409,5,198815493.150000,0.006600,0.051461,3. Medio II,0.030614,
202404,202410,6,198815493.150000,0.009346,0.051461,3. Medio II,0.039960,
202404,202411,7,198815493.150000,0.005105,0.051461,3. Medio II,0.045065,
202404,202412,8,198815493.150000,0.004551,0.051461,3. Medio II,0.049616,
202404,202501,9,198815493.150000,0.005304,0.051461,3. Medio II,0.054920,
202404,202502,10,198815493.150000,0.003425,0.051461,3. Medio II,0.058345,
202404,202503,11,198815493.150000,0.004320,0.051461,3. Medio II,0.062665,
202404,202504,12,198815493.150000,0.003445,0.051461,3. Medio II,0.066110,
202404,202505,13,198815493.150000,0.004048,0.051461,3. Medio II,0.070158,
202404,202506,14,198815493.150000,0.002743,0.051461,3. Medio II,0.072901,
202404,202507,15,198815493.150000,0.003114,0.051461,3. Medio II,0.076015,
202404,202508,16,198815493.150000,0.002864,0.051461,3. Medio II,0.078879,
202404,202509,17,198815493.150000,0.001906,0.051461,3. Medio II,0.080785,
202404,202510,18,198815493.150000,0.001939,0.051461,3. Medio II,0.082724,
202405,202405,0,179760564.700000,0.010019,0.051354,3. Medio II,0.010019,
202405,202406,1,179760564.700000,-0.000681,0.051354,3. Medio II,0.009338,
202405,202407,2,179760564.700000,0.000713,0.051354,3. Medio II,0.010051,
202405,202408,3,179760564.700000,0.003495,0.051354,3. Medio II,0.013546,
202405,202409,4,179760564.700000,0.003961,0.051354,3. Medio II,0.017507,
202405,202410,5,179760564.700000,0.005876,0.051354,3. Medio II,0.023383,
202405,202411,6,179760564.700000,0.005968,0.051354,3. Medio II,0.029351,
202405,202412,7,179760564.700000,0.005491,0.051354,3. Medio II,0.034842,
202405,202501,8,179760564.700000,0.006417,0.051354,3. Medio II,0.041259,
202405,202502,9,179760564.700000,0.002717,0.051354,3. Medio II,0.043976,
202405,202503,10,179760564.700000,0.004971,0.051354,3. Medio II,0.048947,
202405,202504,11,179760564.700000,0.003619,0.051354,3. Medio II,0.052566,
202405,202505,12,179760564.700000,0.002716,0.051354,3. Medio II,0.055282,
202405,202506,13,179760564.700000,0.003585,0.051354,3. Medio II,0.058867,
202405,202507,14,179760564.700000,0.002657,0.051354,3. Medio II,0.061524,
202405,202508,15,179760564.700000,0.003326,0.051354,3. Medio II,0.064850,
202405,202509,16,179760564.700000,0.001764,0.051354,3. Medio II,0.066614,
202405,202510,17,179760564.700000,0.002149,0.051354,3. Medio II,0.068763,
202406,202406,0,154815124.700000,0.010008,0.053637,3. Medio II,0.010008,
202406,202407,1,154815124.700000,-0.000653,0.053637,3. Medio II,0.009355,
202406,202408,2,154815124.700000,0.002119,0.053637,3. Medio II,0.011474,
202406,202409,3,154815124.700000,0.004991,0.053637,3. Medio II,0.016465,
202406,202410,4,154815124.700000,0.005576,0.053637,3. Medio II,0.022041,
202406,202411,5,154815124.700000,0.008032,0.053637,3. Medio II,0.030073,
202406,202412,6,154815124.700000,0.007573,0.053637,3. Medio II,0.037646,
202406,202501,7,154815124.700000,0.007152,0.053637,3. Medio II,0.044798,
202406,202502,8,154815124.700000,0.003908,0.053637,3. Medio II,0.048706,
202406,202503,9,154815124.700000,0.005392,0.053637,3. Medio II,0.054098,
202406,202504,10,154815124.700000,0.005272,0.053637,3. Medio II,0.059370,
202406,202505,11,154815124.700000,0.004178,0.053637,3. Medio II,0.063548,
202406,202506,12,154815124.700000,0.003517,0.053637,3. Medio II,0.067065,
202406,202507,13,154815124.700000,0.004065,0.053637,3. Medio II,0.071130,
202406,202508,14,154815124.700000,0.002559,0.053637,3. Medio II,0.073689,
202406,202509,15,154815124.700000,0.003008,0.053637,3. Medio II,0.076697,
202406,202510,16,154815124.700000,0.001851,0.053637,3. Medio II,0.078548,
202407,202407,0,138465162.840000,0.010077,0.044452,4. Medio I,0.010077,
202407,202408,1,138465162.840000,-0.000886,0.044452,4. Medio I,0.009191,
202407,202409,2,138465162.840000,0.000788,0.044452,4. Medio I,0.009979,
202407,202410,3,138465162.840000,0.003247,0.044452,4. Medio I,0.013226,
202407,202411,4,138465162.840000,0.004419,0.044452,4. Medio I,0.017645,
202407,202412,5,138465162.840000,0.005449,0.044452,4. Medio I,0.023094,
202407,202501,6,138465162.840000,0.005690,0.044452,4. Medio I,0.028784,
202407,202502,7,138465162.840000,0.004228,0.044452,4. Medio I,0.033012,
202407,202503,8,138465162.840000,0.003542,0.044452,4. Medio I,0.036554,
202407,202504,9,138465162.840000,0.003561,0.044452,4. Medio I,0.040115,
202407,202505,10,138465162.840000,0.002419,0.044452,4. Medio I,0.042534,
202407,202506,11,138465162.840000,0.002110,0.044452,4. Medio I,0.044644,
202407,202507,12,138465162.840000,0.001680,0.044452,4. Medio I,0.046324,
202407,202508,13,138465162.840000,0.002051,0.044452,4. Medio I,0.048375,
202407,202509,14,138465162.840000,0.002212,0.044452,4. Medio I,0.050587,
202407,202510,15,138465162.840000,0.001948,0.044452,4. Medio I,0.052535,
202408,202408,0,169048955.910000,0.010034,0.043710,4. Medio I,0.010034,
202408,202409,1,169048955.910000,-0.000672,0.043710,4. Medio I,0.009362,
202408,202410,2,169048955.910000,0.001585,0.043710,4. Medio I,0.010947,
202408,202411,3,169048955.910000,0.004632,0.043710,4. Medio I,0.015579,
202408,202412,4,169048955.910000,0.005718,0.043710,4. Medio I,0.021297,
202408,202501,5,169048955.910000,0.006654,0.043710,4. Medio I,0.027951,
202408,202502,6,169048955.910000,0.004994,0.043710,4. Medio I,0.032945,
202408,202503,7,169048955.910000,0.005972,0.043710,4. Medio I,0.038917,
202408,202504,8,169048955.910000,0.004667,0.043710,4. Medio I,0.043584,
202408,202505,9,169048955.910000,0.004611,0.043710,4. Medio I,0.048195,
202408,202506,10,169048955.910000,0.004022,0.043710,4. Medio I,0.052217,
202408,202507,11,169048955.910000,0.003469,0.043710,4. Medio I,0.055686,
202408,202508,12,169048955.910000,0.002983,0.043710,4. Medio I,0.058669,
202408,202509,13,169048955.910000,0.001223,0.043710,4. Medio I,0.059892,
202408,202510,14,169048955.910000,0.001797,0.043710,4. Medio I,0.061689,
202409,202409,0,182246341.850000,0.010016,0.042905,4. Medio I,0.010016,
202409,202410,1,182246341.850000,-0.000842,0.042905,4. Medio I,0.009174,
202409,202411,2,182246341.850000,0.000709,0.042905,4. Medio I,0.009883,
202409,202412,3,182246341.850000,0.002626,0.042905,4. Medio I,0.012509,
202409,202501,4,182246341.850000,0.003008,0.042905,4. Medio I,0.015517,
202409,202502,5,182246341.850000,0.003675,0.042905,4. Medio I,0.019192,
202409,202503,6,182246341.850000,0.004600,0.042905,4. Medio I,0.023792,
202409,202504,7,182246341.850000,0.004652,0.042905,4. Medio I,0.028444,
202409,202505,8,182246341.850000,0.003459,0.042905,4. Medio I,0.031903,
202409,202506,9,182246341.850000,0.004840,0.042905,4. Medio I,0.036743,
202409,202507,10,182246341.850000,0.002749,0.042905,4. Medio I,0.039492,
202409,202508,11,182246341.850000,0.003136,0.042905,4. Medio I,0.042628,
202409,202509,12,182246341.850000,0.001982,0.042905,4. Medio I,0.044610,
202409,202510,13,182246341.850000,0.002608,0.042905,4. Medio I,0.047218,
202410,202410,0,193792727.580000,0.010013,0.041817,4. Medio I,0.010013,
202410,202411,1,193792727.580000,-0.000803,0.041817,4. Medio I,0.009210,
202410,202412,2,193792727.580000,0.000776,0.041817,4. Medio I,0.009986,
202410,202501,3,193792727.580000,0.003287,0.041817,4. Medio I,0.013273,
202410,202502,4,193792727.580000,0.002969,0.041817,4. Medio I,0.016242,
202410,202503,5,193792727.580000,0.005153,0.041817,4. Medio I,0.021395,
202410,202504,6,193792727.580000,0.005521,0.041817,4. Medio I,0.026916,
202410,202505,7,193792727.580000,0.005026,0.041817,4. Medio I,0.031942,
202410,202506,8,193792727.580000,0.003996,0.041817,4. Medio I,0.035938,
202410,202507,9,193792727.580000,0.003456,0.041817,4. Medio I,0.039394,
202410,202508,10,193792727.580000,0.003854,0.041817,4. Medio I,0.043248,
202410,202509,11,193792727.580000,0.002258,0.041817,4. Medio I,0.045506,
202410,202510,12,193792727.580000,0.003541,0.041817,4. Medio I,0.049047,
202411,202411,0,174070211.230000,0.010035,0.038707,4. Medio I,0.010035,
202411,202412,1,174070211.230000,-0.000724,0.038707,4. Medio I,0.009311,
202411,202501,2,174070211.230000,0.000979,0.038707,4. Medio I,0.010290,
202411,202502,3,174070211.230000,0.002273,0.038707,4. Medio I,0.012563,
202411,202503,4,174070211.230000,0.002923,0.038707,4. Medio I,0.015486,
202411,202504,5,174070211.230000,0.005046,0.038707,4. Medio I,0.020532,
202411,202505,6,174070211.230000,0.004386,0.038707,4. Medio I,0.024918,
202411,202506,7,174070211.230000,0.004610,0.038707,4. Medio I,0.029528,
202411,202507,8,174070211.230000,0.004401,0.038707,4. Medio I,0.033929,
202411,202508,9,174070211.230000,0.003986,0.038707,4. Medio I,0.037915,
202411,202509,10,174070211.230000,0.001921,0.038707,4. Medio I,0.039836,
202411,202510,11,174070211.230000,0.002750,0.038707,4. Medio I,0.042586,
202412,202412,0,166702474.530000,0.010013,0.039042,4. Medio I,0.010013,
202412,202501,1,166702474.530000,-0.000745,0.039042,4. Medio I,0.009268,
202412,202502,2,166702474.530000,0.000634,0.039042,4. Medio I,0.009902,
202412,202503,3,166702474.530000,0.003107,0.039042,4. Medio I,0.013009,
202412,202504,4,166702474.530000,0.003698,0.039042,4. Medio I,0.016707,
202412,202505,5,166702474.530000,0.004795,0.039042,4. Medio I,0.021502,
202412,202506,6,166702474.530000,0.005659,0.039042,4. Medio I,0.027161,
202412,202507,7,166702474.530000,0.004550,0.039042,4. Medio I,0.031711,
202412,202508,8,166702474.530000,0.004528,0.039042,4. Medio I,0.036239,
202412,202509,9,166702474.530000,0.002452,0.039042,4. Medio I,0.038691,
202412,202510,10,166702474.530000,0.003427,0.039042,4. Medio I,0.042118,
202501,202501,0,174606613.110000,0.010008,0.038116,4. Medio I,0.010008,
202501,202502,1,174606613.110000,-0.000779,0.038116,4. Medio I,0.009229,
202501,202503,2,174606613.110000,0.000607,0.038116,4. Medio I,0.009836,
202501,202504,3,174606613.110000,0.002588,0.038116,4. Medio I,0.012424,
202501,202505,4,174606613.110000,0.002847,0.038116,4. Medio I,0.015271,
202501,202506,5,174606613.110000,0.004507,0.038116,4. Medio I,0.019778,
202501,202507,6,174606613.110000,0.003946,0.038116,4. Medio I,0.023724,
202501,202508,7,174606613.110000,0.003636,0.038116,4. Medio I,0.027360,
202501,202509,8,174606613.110000,0.002518,0.038116,4. Medio I,0.029878,
202501,202510,9,174606613.110000,0.003434,0.038116,4. Medio I,0.033312,
202502,202502,0,156708928.640000,0.010005,0.040522,4. Medio I,0.010005,
202502,202503,1,156708928.640000,-0.000919,0.040522,4. Medio I,0.009086,
202502,202504,2,156708928.640000,0.000899,0.040522,4. Medio I,0.009985,
202502,202505,3,156708928.640000,0.003351,0.040522,4. Medio I,0.013336,
202502,202506,4,156708928.640000,0.003531,0.040522,4. Medio I,0.016867,
202502,202507,5,156708928.640000,0.003619,0.040522,4. Medio I,0.020486,
202502,202508,6,156708928.640000,0.005156,0.040522,4. Medio I,0.025642,
202502,202509,7,156708928.640000,0.001938,0.040522,4. Medio I,0.027580,
202502,202510,8,156708928.640000,0.003173,0.040522,4. Medio I,0.030753,
202503,202503,0,168648206.340000,0.010033,0.043891,4. Medio I,0.010033,
202503,202504,1,168648206.340000,-0.000680,0.043891,4. Medio I,0.009353,
202503,202505,2,168648206.340000,0.001193,0.043891,4. Medio I,0.010546,
202503,202506,3,168648206.340000,0.003917,0.043891,4. Medio I,0.014463,
202503,202507,4,168648206.340000,0.003388,0.043891,4. Medio I,0.017851,
202503,202508,5,168648206.340000,0.006350,0.043891,4. Medio I,0.024201,
202503,202509,6,168648206.340000,0.003418,0.043891,4. Medio I,0.027619,
202503,202510,7,168648206.340000,0.004143,0.043891,4. Medio I,0.031762,
202504,202504,0,162354105.590000,0.010030,0.043639,4. Medio I,0.010030,
202504,202505,1,162354105.590000,-0.000871,0.043639,4. Medio I,0.009159,
202504,202506,2,162354105.590000,0.000722,0.043639,4. Medio I,0.009881,
202504,202507,3,162354105.590000,0.003068,0.043639,4. Medio I,0.012949,
202504,202508,4,162354105.590000,0.003700,0.043639,4. Medio I,0.016649,
202504,202509,5,162354105.590000,0.004173,0.043639,4. Medio I,0.020822,
202504,202510,6,162354105.590000,0.005291,0.043639,4. Medio I,0.026113,
202505,202505,0,156877601.190000,0.010011,0.039110,4. Medio I,0.010011,
202505,202506,1,156877601.190000,-0.000875,0.039110,4. Medio I,0.009136,
202505,202507,2,156877601.190000,0.001520,0.039110,4. Medio I,0.010656,
202505,202508,3,156877601.190000,0.004559,0.039110,4. Medio I,0.015215,
202505,202509,4,156877601.190000,0.004949,0.039110,4. Medio I,0.020164,
202505,202510,5,156877601.190000,0.006463,0.039110,4. Medio I,0.026627,
202506,202506,0,204245268.090000,0.010226,0.041835,4. Medio I,0.010226,
202506,202507,1,204245268.090000,-0.000867,0.041835,4. Medio I,0.009359,
202506,202508,2,204245268.090000,0.001858,0.041835,4. Medio I,0.011217,
202506,202509,3,204245268.090000,0.004532,0.041835,4. Medio I,0.015749,
202506,202510,4,204245268.090000,0.004408,0.041835,4. Medio I,0.020157,
202507,202507,0,171556147.000000,0.010012,0.042709,4. Medio I,0.010012,
202507,202508,1,171556147.000000,-0.000803,0.042709,4. Medio I,0.009209,
202507,202509,2,171556147.000000,0.001406,0.042709,4. Medio I,0.010615,
202507,202510,3,171556147.000000,0.004323,0.042709,4. Medio I,0.014938,
202508,202508,0,167398957.510000,0.010058,0.044882,4. Medio I,0.010058,
202508,202509,1,167398957.510000,-0.000897,0.044882,4. Medio I,0.009161,
202508,202510,2,167398957.510000,0.001280,0.044882,4. Medio I,0.010441,
202509,202509,0,175645662.330000,0.010019,0.044186,4. Medio I,0.010019,
202509,202510,1,175645662.330000,-0.000904,0.044186,4. Medio I,0.009115,
202510,202510,0,171899259.560000,0.010314,0.046924,4. Medio I,0.010314,
