CODMES_COSECHA,sum_mtodeuda,sum_mtogastoprovsol,CTDMESMADURACION,pdponderado
202505,473091108.440000,-115424.6318,2,0.019455
202505,657377084.080000,6581680.2016,0,0.019455
202505,429906085.330000,734569.1985,3,0.019455
202505,534424678.200000,-1101431.3192,1,0.019455
202505,393550953.890000,952539.7499,4,0.019455
202309,130929603.810000,467501.7874,17,
202309,431173638.030000,-467978.4568,1,
202309,487674989.160000,4919713.7189,0,
202309,391763947.230000,272245.4613,2,
202309,233748358.520000,1833271.8100,9,
202309,184789035.550000,908669.7851,12,
202309,312812401.230000,1575906.4948,5,
202309,358701886.030000,1041612.7510,3,
202309,91043155.550000,471757.1830,22,
202309,288178703.730000,2206469.7028,6,
202309,200498465.610000,1499630.2207,11,
202309,122706645.500000,876257.9409,18,
202309,98531924.400000,611121.3974,21,
202309,216195111.960000,1271958.5336,10,
202309,266353729.330000,1736022.2955,7,
202309,150929284.050000,759905.3913,15,
202309,334992173.640000,1554142.3263,4,
202309,247213870.630000,1775578.6363,8,
202309,84697817.920000,407781.6925,23,
202309,171381697.470000,866399.4043,13,
202309,161200625.610000,776890.1500,14,
202309,105648452.400000,327198.1770,20,
202309,78657182.630000,429384.2230,24,
202309,113810678.820000,636477.9944,19,
202309,140312860.800000,853751.7768,16,
202211,447336755.990000,6553408.7984,6,
202211,188047676.220000,1514569.4458,20,
202211,68084718.910000,336265.3850,34,
202211,711193219.460000,7133192.1000,0,
202211,476333380.870000,7390792.5628,5,
202211,641995299.740000,-455396.1290,1,
202211,201737619.430000,2079919.7004,19,
202211,370013449.470000,4417519.2173,9,
202211,392520737.670000,6230304.8128,8,
202211,501594496.510000,6552521.1144,4,
202211,541757687.000000,4115135.6285,3,
202211,123269535.580000,892393.3269,26,
202211,141109487.450000,668925.5109,24,
202211,291932288.890000,2780889.5528,13,
202211,73604717.240000,465479.2139,33,
202211,243217944.220000,2559328.2733,16,
202211,99866021.680000,572980.5392,29,
202211,579621396.170000,1497236.1678,2,
202211,176621412.250000,1527669.0382,21,
202211,213273982.590000,2150167.7594,18,
202211,92492295.950000,577301.3148,30,
202211,258472051.140000,2598025.0810,15,
202211,348782758.150000,3273758.2700,10,
202509,791027717.560000,7965456.2956,0,0.020786
202211,131391419.200000,890491.2084,25,
202211,227840967.920000,2449748.9563,17,
202211,85622899.930000,777966.1305,31,
202211,107824989.100000,982870.9955,28,
202211,308352653.810000,2781885.4930,12,
202211,115130805.660000,334129.0858,27,
202211,327865561.620000,4399645.4103,11,
202211,420925089.260000,6977767.7021,7,
202211,275765905.200000,2803259.5852,14,
202211,153219219.330000,994696.5993,23,
202211,79441474.720000,394726.8218,32,
202211,164173403.350000,680196.8926,22,
202208,443810112.590000,7076677.3113,5,
202208,501046250.720000,4208157.3454,3,
202208,242166580.840000,2155884.9930,15,
202208,83323616.020000,603977.8028,31,
202208,669774310.820000,6768857.8609,0,
202208,229310890.710000,2453391.1654,16,
202208,325477830.570000,4111255.0815,10,
202208,536678035.280000,1574651.1460,2,
202208,271484866.750000,2265453.0238,13,
202208,589735736.510000,-613099.5663,1,
202208,344538149.410000,4813912.1527,9,
202208,202546554.650000,1245461.7206,18,
202208,189587172.540000,2208412.6803,19,
202208,305799295.190000,3811261.2382,11,
202208,416248937.880000,4852455.9739,6,
202208,287571158.460000,3270270.4236,12,
202208,469653154.470000,4473231.5590,4,
202208,56555932.120000,70311.8042,36,
202208,367634735.370000,5495800.2577,8,
202208,117636354.490000,736783.8217,26,
202208,388634194.520000,5404890.1785,7,
202208,215314306.520000,2537191.3425,17,
202208,177500385.220000,1279599.1218,20,
202208,72213990.720000,238558.6239,33,
202208,89940561.930000,492006.0011,30,
202208,257106950.670000,3015124.9082,14,
202208,166537014.970000,1364095.9627,21,
202208,103447113.720000,504785.6529,28,
202208,134874267.160000,941585.4480,24,
202208,66763057.940000,107092.7495,34,
202208,157689476.210000,1356255.0432,22,
202208,125870473.200000,478462.4074,25,
202208,95784674.870000,407064.0812,29,
202208,61352715.150000,393570.2422,35,
202208,145265012.320000,743956.0202,23,
202208,110331635.510000,584388.8262,27,
202208,52726821.700000,292112.9495,37,
202208,77486314.290000,453781.4738,32,
202501,431095858.610000,1351820.0568,5,0.020711
202501,549341201.710000,-125101.3006,2,0.020711
202501,502829922.930000,731805.7603,3,0.020711
202501,626243282.590000,-915280.4648,1,0.020711
202501,723059932.750000,7270167.7804,0,0.020711
202501,346160344.160000,1060720.9949,8,0.020711
202501,401175542.580000,1229242.8548,6,0.020711
202501,466483219.750000,672187.4225,4,0.020711
202501,372622810.560000,1474041.5094,7,0.020711
202204,69680475.740000,257596.0671,34,
202204,237249205.450000,3003595.4211,16,
202204,540487800.840000,5027357.8947,3,
202204,81121406.000000,302010.1459,32,
202204,196602276.880000,2037708.2282,19,
202204,441975980.680000,6297845.6162,6,
202204,151902721.920000,1624421.6915,23,
202204,503836707.450000,5191571.0906,4,
202204,252412668.810000,4509427.0330,15,
202204,284168501.340000,4755606.3236,13,
202204,343765379.000000,4148738.6911,10,
202204,390167451.800000,4444119.3173,8,
202204,715369839.450000,7222005.0225,0,
202204,222622243.630000,2226768.9370,17,
202204,472811346.830000,4932267.7857,5,
202204,208873669.590000,2745701.7522,18,
202204,586094005.680000,1767190.6961,2,
202204,638504044.310000,-467463.1345,1,
202204,94722193.230000,654988.2580,30,
202204,302266857.330000,4354959.2634,12,
202204,365762281.990000,4547058.2195,9,
202204,64299665.050000,325424.6567,35,
202204,413086343.320000,4842812.2437,7,
202204,185271216.700000,1790745.9819,20,
202204,162006070.110000,1157057.1706,22,
202204,320170905.680000,5190844.8658,11,
202204,87592754.160000,346168.2384,31,
202204,116501986.700000,853170.7751,27,
202204,141500668.660000,1227628.9360,24,
202204,51028986.150000,77711.7214,38,
202204,173425193.690000,2135361.6949,21,
202204,268170495.520000,4679519.8850,14,
202204,125148424.100000,656272.7537,26,
202204,43657666.790000,-17318.3258,40,
202204,54815818.990000,595554.8598,37,
202204,108623126.750000,469785.6232,28,
202204,132632708.190000,1600882.6474,25,
202204,74968507.900000,406104.3708,33,
202204,101607636.850000,494662.3291,29,
202204,59186560.010000,212835.4128,36,
202204,47397891.050000,261604.8790,39,
202204,39942106.010000,119678.8317,41,
202312,143388418.650000,598067.9410,13,
202508,579488222.510000,-1147059.9298,1,0.022046
202407,195690741.110000,604893.2641,11,0.023694
202312,338110925.620000,195161.6049,2,
202312,377762554.980000,-477304.0914,1,
202407,307462730.230000,1009383.2318,5,0.023694
202312,281788963.520000,1341410.2201,4,
202312,222554715.250000,1294088.9037,7,
202312,259434109.040000,2119597.4815,5,
202407,213499108.120000,592545.7225,10,0.023694
202312,435307774.470000,4396066.5374,0,
202407,180616722.550000,394036.2634,12,0.023694
202407,267251309.430000,831214.6845,7,0.023694
202407,286280737.400000,1309916.5594,6,0.023694
202312,110362881.530000,358091.9322,17,
202407,245107349.950000,778631.1164,8,0.023694
202312,116733024.770000,911704.5636,16,
202312,190221042.720000,577484.1674,9,
202407,331120262.210000,655359.5247,4,0.023694
202312,205710957.510000,1513339.2172,8,
202508,700128894.560000,7128501.3405,0,0.022046
202312,103273587.020000,541337.4309,18,
202312,125143150.010000,608523.5141,15,
202312,135049176.220000,440935.4971,14,
202312,243211704.280000,1942363.9810,6,
202407,451778082.310000,-726408.2621,1,0.023694
202407,169528447.390000,645138.8606,13,0.023694
202407,396547672.920000,-162828.5317,2,0.023694
202312,307383327.070000,1244433.5308,3,
202312,176635455.580000,1103070.2996,10,
202407,527914811.720000,5342473.3020,0,0.023694
202312,163966064.560000,722537.8553,11,
202407,360595820.590000,439549.8941,3,0.023694
202312,88104843.270000,516030.9332,20,
202312,153111696.040000,833048.3498,12,
202312,82287916.700000,461849.1784,21,
202407,157979829.500000,506084.6594,14,0.023694
202407,228493870.260000,871146.2416,9,0.023694
202312,95872779.270000,429714.8795,19,
202303,524589555.750000,-507214.4858,1,
202303,582873823.230000,5962782.5711,0,
202303,189330874.350000,1199664.0013,16,
202303,69378207.420000,96534.6759,30,
202303,243352128.520000,2588003.6011,12,
202303,383363814.390000,3296699.4128,5,
202303,409282356.240000,4194122.3357,4,
202303,439544795.000000,3987939.2058,3,
202303,106977910.160000,467269.3902,24,
202303,115493707.760000,434935.4961,23,
202303,259328344.150000,1659966.1144,11,
202303,142988535.550000,578045.2634,20,
202303,296264899.460000,2647172.3163,9,
202303,357039173.280000,2831645.0585,6,
202303,277637769.410000,2550592.3800,10,
202303,476955772.440000,1389139.3531,2,
202303,331968390.180000,2859216.8720,7,
202303,162744041.730000,912396.9093,18,
202303,227469762.140000,1956953.4040,13,
202303,123164010.960000,788872.9485,22,
202303,313306165.410000,1974700.0104,8,
202303,86725867.590000,386159.6889,27,
202303,176003102.360000,1066464.3302,17,
202303,202534716.700000,1490021.5364,15,
202303,92863272.340000,547916.9937,26,
202303,213523518.040000,2254169.4354,14,
202303,80446585.240000,350155.1376,28,
202303,99697786.490000,723606.7914,25,
202303,132334500.570000,498745.4503,21,
202303,75018047.620000,350299.7746,29,
202303,152106768.560000,804685.7840,19,
202306,112780158.140000,567264.6965,20,
202306,387681588.280000,384383.8620,2,
202306,314033689.660000,2252747.6522,5,
202306,171148736.780000,1129443.5011,14,
202306,208438514.120000,2018415.1989,11,
202306,78826991.000000,766075.6484,25,
202306,426263322.440000,-510955.6153,1,
202306,276321130.060000,2501268.4694,7,
202306,486800513.820000,4897993.8489,0,
202306,257502926.430000,1227589.4117,8,
202306,333723647.830000,2027895.9790,4,
202306,295035617.690000,2550713.1260,6,
202306,129424262.880000,870650.6336,18,
202306,105045889.530000,1022918.6643,21,
202306,358992903.520000,1292500.1906,3,
202306,239885956.590000,1711501.1372,9,
202306,97774389.030000,726115.3423,22,
202306,222996208.890000,1135771.1551,10,
202306,120666476.230000,553312.5796,19,
202306,138682734.210000,1023336.3220,17,
202306,183207087.720000,1098613.2101,13,
202306,147846236.990000,297116.3669,16,
202306,67495065.960000,379958.6446,27,
202306,90333304.800000,598570.4458,23,
202306,84678887.010000,482938.0206,24,
202306,197059312.470000,1342386.5099,12,
202306,73816165.890000,737068.4544,26,
202306,159530556.820000,560098.8828,15,
202209,278127827.820000,2442303.9282,12,
202209,433315314.630000,5593454.0976,5,
202209,458127467.180000,5502723.6290,4,
202209,490452173.820000,5496506.0859,3,
202209,529008938.130000,1680280.5446,2,
202209,171707276.950000,1478273.0842,20,
202209,261965587.330000,2955137.4232,13,
202209,335300063.770000,4982249.5047,9,
202209,578911609.630000,-625635.4317,1,
202209,86954888.610000,594326.0793,30,
202209,163366890.300000,1739476.4068,21,
202209,295164425.980000,2541508.9980,11,
202209,403174969.570000,6682517.7902,6,
202209,124078556.090000,814778.5118,25,
202209,657337313.990000,6699141.0691,0,
202209,58953159.880000,399792.3007,35,
202209,314335315.790000,4899535.3835,10,
202209,234711865.190000,1332974.3909,15,
202209,378311096.910000,6532462.2000,7,
202209,53900251.880000,11788.5692,36,
202209,221778309.610000,1869584.0714,16,
202209,355788166.660000,4309111.0362,8,
202209,195058222.200000,1696389.9500,18,
202209,182642393.720000,1679724.3943,19,
202209,74982757.790000,257033.8560,32,
202209,100335215.130000,708266.0010,28,
202209,208583201.730000,1471043.2330,17,
202209,107299141.390000,462050.7872,27,
202209,94187111.730000,430981.7179,29,
202209,152552565.750000,1023064.5172,22,
202209,115526498.990000,940013.5605,26,
202209,143248420.810000,1227605.8572,23,
202209,133255354.040000,315864.7947,24,
202209,247682277.790000,2549049.0778,14,
202209,80928103.130000,496918.1631,31,
202209,69268171.470000,113530.0312,33,
202209,64066415.750000,255446.5984,34,
202302,506613697.000000,5700762.5956,3,
202302,547547209.890000,2285369.0607,2,
202302,593877591.890000,-507734.2613,1,
202302,140303682.300000,461415.0011,22,
202302,275495898.890000,2166495.9159,12,
202302,317186541.100000,3424311.8739,10,
202302,173678756.170000,159027.5978,19,
202302,360401025.630000,4237934.0461,8,
202302,445256616.590000,6967540.6991,5,
202302,669457854.270000,6789276.0221,0,
202302,73018912.000000,36209.9784,31,
202302,385481297.790000,3403663.6657,7,
202302,415695699.400000,4887985.9131,6,
202302,475000637.780000,5567869.0320,4,
202302,258100888.250000,2771130.6664,13,
202302,336867347.430000,2947532.6614,9,
202302,297081030.160000,3398054.2270,11,
202302,214406998.820000,1421773.9453,16,
202302,240166388.490000,2110406.1646,14,
202302,162001572.810000,892508.7636,20,
202302,91677807.740000,431849.8733,28,
202302,79146383.160000,331990.9602,30,
202302,85664218.550000,708363.4158,29,
202302,200429889.490000,1184052.2292,17,
202302,98491639.530000,918570.9087,27,
202302,105099671.880000,666213.1515,26,
202302,111562955.940000,933112.6028,25,
202302,226332564.460000,1873755.8679,15,
202302,151150111.430000,604496.7197,21,
202302,120286402.070000,469887.1277,24,
202302,187473578.520000,1079791.4983,18,
202302,129964112.370000,871032.9996,23,
202305,463180965.240000,4744231.8199,0,
202305,146110025.530000,1022136.6164,15,
202305,203342079.280000,2049144.5868,10,
202305,288093419.080000,2793472.0027,5,
202305,268875059.370000,2236332.5888,6,
202305,218116531.620000,1195907.1026,9,
202305,404966946.560000,-439211.0562,1,
202305,127497137.030000,1160350.1636,17,
202305,188781571.350000,1419203.9432,11,
202305,156338062.850000,788614.8404,14,
202305,167104361.530000,1529921.5054,13,
202305,364477145.080000,924675.4213,2,
202305,235445002.990000,2208828.6657,8,
202305,60173397.150000,525082.9204,28,
202305,85736364.880000,686929.9758,23,
202305,64539745.430000,396922.9190,27,
202305,136123564.840000,713176.7068,16,
202305,112424776.840000,759197.8384,19,
202305,177065264.890000,1647893.9400,12,
202305,331356495.790000,1432598.6183,3,
202305,104885372.110000,585679.2994,20,
202305,74128301.300000,666012.7755,25,
202305,98309201.140000,313506.6191,21,
202305,307690604.680000,1667134.0402,4,
202305,68832575.340000,679370.4476,26,
202305,91878696.790000,503560.8610,22,
202305,251780142.270000,1933820.9828,7,
202305,119484158.740000,496510.0489,18,
202305,80107687.060000,716265.3541,24,
202506,576531299.050000,952594.1107,3,0.020243
202506,634054694.260000,191786.1821,2,0.020243
202506,823845167.620000,8294256.1962,0,0.020243
202506,701345049.700000,-1105482.0276,1,0.020243
202412,611476334.710000,6162378.9912,0,0.022025
202412,338119694.290000,1342597.1121,6,0.022025
202412,423025777.260000,510079.5299,3,0.022025
202412,363606321.210000,1209474.0728,5,0.022025
202412,311771384.710000,1210735.3758,7,0.022025
202412,390291011.670000,744976.5600,4,0.022025
202412,470033293.250000,-132139.6559,2,0.022025
202412,519733563.110000,-868004.1965,1,0.022025
202412,272386232.790000,751457.5138,9,0.022025
202412,292381600.430000,1247912.9152,8,0.022025
202504,514108272.540000,-1039661.4971,1,0.023864
202406,192556282.440000,1141525.2075,12,0.029286
202307,334123563.340000,2619013.8941,6,
202406,242164761.420000,1632115.8038,9,0.029286
202504,411012817.340000,675419.7031,3,0.023864
202406,180437990.470000,982558.4520,13,0.029286
202307,523805154.030000,5267990.1200,0,
202406,383740194.230000,892368.0784,3,0.029286
202307,471335349.910000,-406546.6597,1,
202307,270408904.700000,1554276.7298,9,
202307,238552468.120000,1612710.8355,11,
202504,379287873.310000,931249.8286,4,0.023864
202406,281744014.790000,1820927.9748,7,0.029286
202307,112466347.210000,591979.8353,22,
202406,168869354.870000,907653.6697,14,0.029286
202307,434591395.340000,404185.9441,2,
202307,377407467.600000,1945640.5368,4,
202406,329055121.770000,1989143.4437,5,0.029286
202406,351713880.270000,1287986.5381,4,0.029286
202307,402300802.930000,1349617.3566,3,
202406,304055995.640000,1855581.0293,6,0.029286
202406,420186069.290000,193178.9479,2,0.029286
202307,205853103.060000,1236977.8548,13,
202307,169579889.240000,650199.5149,16,
202307,253158762.810000,1977764.9603,10,
202406,208115641.660000,948835.3430,11,0.029286
202504,620376240.630000,6293847.0356,0,0.023864
202307,289543444.040000,1908607.4291,8,
202406,223619498.450000,1195625.3661,10,0.029286
202307,355971111.170000,1970234.0397,5,
202504,349603659.700000,1299466.0982,5,0.023864
202307,149597606.910000,564134.5184,18,
202406,260901487.080000,999911.6251,8,0.029286
202406,551422639.090000,5534389.5214,0,0.029286
202307,180262945.400000,765744.9241,15,
202504,452973849.510000,-134249.5730,2,0.023864
202406,470472428.640000,-677754.9550,1,0.029286
202307,97659470.200000,409968.0046,24,
202307,120842540.420000,727717.7840,21,
202307,311060628.840000,1629917.3082,7,
202307,139677603.160000,503238.5774,19,
202307,105488019.040000,374938.5250,23,
202307,159398129.220000,1013783.2556,17,
202307,192413898.090000,578243.5450,14,
202307,90608559.370000,405864.9192,25,
202406,156962272.330000,991764.5087,15,0.029286
202307,129754904.610000,849299.0174,20,
202307,220891692.030000,1121075.6677,12,
202307,84728163.790000,364275.4353,26,
202405,276030508.030000,954849.5923,9,0.029489
202405,295858562.350000,1747451.8852,8,0.029489
202405,223359868.880000,1135076.1584,12,0.029489
202405,208325965.830000,1289938.0637,13,0.029489
202405,540724270.980000,-655975.4224,1,0.029489
202405,256062940.810000,1345601.7625,10,0.029489
202405,319798558.460000,1697859.5981,7,0.029489
202405,239025170.520000,1215411.2661,11,0.029489
202405,440174537.920000,1037217.2135,3,0.029489
202405,370651421.990000,2050452.9531,5,0.029489
202405,182112411.400000,1201014.6650,15,0.029489
202405,404804452.620000,1176763.9718,4,0.029489
202405,345997236.920000,1579285.8617,6,0.029489
202405,481052882.180000,45254.1785,2,0.029489
202405,613027113.020000,6155523.8669,0,0.029489
202405,194444874.070000,787507.7757,14,0.029489
202405,170025046.370000,756108.3428,16,0.029489
202207,270025953.090000,2977383.7040,14,
202207,494880042.770000,4626045.1079,4,
202207,526421798.240000,4744233.5919,3,
202207,569837923.030000,1418146.5685,2,
202207,126919624.360000,492854.0818,26,
202207,66467534.360000,173999.8360,35,
202207,710270696.420000,7200503.4690,0,
202207,365366159.430000,5304266.5087,9,
202207,437793432.080000,6224924.8862,6,
202207,626520032.860000,-636309.1059,1,
202207,286131257.640000,3484473.0385,13,
202207,83663746.940000,263463.2417,32,
202207,466543912.280000,5341062.7827,5,
202207,156966210.620000,1307488.4329,23,
202207,302444298.910000,3741680.5577,12,
202207,343537580.670000,4823816.6175,10,
202207,411188809.680000,4057667.1115,7,
202207,136646799.540000,846553.2623,25,
202207,322721458.840000,5014555.4464,11,
202207,108834131.230000,186497.5931,28,
202207,77057097.420000,364132.8303,33,
202207,254718193.180000,2795246.4878,15,
202207,386716776.420000,6316242.0348,8,
202207,215010372.730000,2138772.3943,18,
202207,165242757.690000,1192858.1393,22,
202207,189951006.950000,2002184.4910,20,
202207,175613961.750000,1676296.3064,21,
202207,72010848.330000,144890.4232,34,
202207,55853297.110000,144545.4981,37,
202207,95553213.120000,263324.8145,30,
202207,227968272.950000,2502028.1761,17,
202207,89837776.880000,227633.4986,31,
202207,146019692.320000,660888.7185,24,
202207,118001480.880000,890266.3224,27,
202207,202381522.540000,1618034.6558,19,
202207,241483444.680000,3042539.8159,16,
202207,60912580.300000,286739.7549,36,
202207,51207176.770000,98945.6610,38,
202207,102140587.900000,802173.4622,29,
202408,316654632.630000,792263.2995,6,0.024186
202408,579965695.710000,5878340.7550,0,0.024186
202408,291489991.160000,1401938.4683,7,0.024186
202408,490010064.420000,-828377.6135,1,0.024186
202408,250450059.290000,1224051.4728,9,0.024186
202408,368692756.230000,1243141.7414,4,0.024186
202408,399420117.020000,779259.1816,3,0.024186
202408,435310289.320000,-56864.9423,2,0.024186
202408,269879693.160000,1152700.3517,8,0.024186
202408,339985779.000000,1642749.4219,5,0.024186
202408,184970966.530000,565787.0590,13,0.024186
202408,215141414.760000,794506.9542,11,0.024186
202408,200190126.470000,1035508.6510,12,0.024186
202408,232784874.210000,1001845.1830,10,0.024186
202409,250260325.680000,1504984.4565,11,0.023737
202409,310228070.540000,1532850.6627,8,0.023737
202409,393317272.320000,850312.0377,5,0.023737
202409,456551960.420000,424397.4387,3,0.023737
202409,232976764.990000,722989.4469,12,0.023737
202409,359124729.090000,1302273.4019,6,0.023737
202409,551593550.130000,-980972.8244,1,0.023737
202409,419770188.150000,871536.2531,4,0.023737
202409,647343786.400000,6635903.5379,0,0.023737
202409,333518356.750000,1593634.6536,7,0.023737
202409,497906305.010000,-129579.5487,2,0.023737
202409,289426587.370000,1446208.5418,9,0.023737
202409,267894911.570000,974250.0980,10,0.023737
202308,460724790.220000,-530782.2041,1,
202308,332463025.950000,2535287.9663,5,
202308,109915428.370000,871850.5849,21,
202308,263551190.860000,1268310.4240,8,
202308,354875641.750000,1497409.3081,4,
202308,522742772.650000,5292298.3693,0,
202308,153928392.640000,652423.3465,16,
202308,308112765.240000,1869236.2928,6,
202308,382085941.050000,1462574.8630,3,
202308,414669409.190000,386217.8379,2,
202308,101980100.560000,449702.0350,22,
202308,232388419.990000,1472677.5293,10,
202308,285073284.370000,1601914.2410,7,
202308,187259125.200000,580519.1468,13,
202308,118487690.380000,635337.8338,20,
202308,164557764.910000,1070460.0694,15,
202308,175451852.600000,932275.2288,14,
202308,81146363.900000,308850.4390,25,
202308,135314246.820000,584912.1896,18,
202308,247265941.160000,1627375.4298,9,
202308,216258870.180000,1033150.8526,11,
202308,87705234.270000,632268.1311,24,
202308,201297980.240000,1253374.9383,12,
202308,144810977.900000,1013688.1440,17,
202308,125898862.330000,580713.6724,19,
202308,94855196.240000,476184.1914,23,
202502,689166020.510000,6893401.6656,0,0.022133
202502,350563587.310000,834464.3999,7,0.022133
202502,404920243.080000,726897.5737,5,0.022133
202502,517455056.340000,-206293.1744,2,0.022133
202502,472340283.050000,477014.7278,3,0.022133
202502,434255341.200000,779035.8745,4,0.022133
202502,378376554.490000,1312305.4858,6,0.022133
202502,577077634.100000,-1079217.3091,1,0.022133
202210,719046809.470000,7397715.0451,0,
202210,224268349.500000,2353642.9565,17,
202210,366528483.830000,5414268.6459,9,
202210,511089774.000000,5294504.9443,4,
202210,301850895.760000,4013982.9633,12,
202210,111123681.950000,679394.4670,27,
202210,543998271.210000,5760395.7920,3,
202210,344473958.950000,3830328.2238,10,
202210,96406482.490000,593621.0865,29,
202210,447199264.140000,7522843.4965,6,
202210,475231561.360000,7038733.3759,5,
202210,587540008.700000,1867882.6506,2,
202210,127002057.920000,500391.2066,25,
202210,171262051.870000,1233826.1374,21,
202210,416864559.100000,6584222.8679,7,
202210,646135336.010000,-577022.4792,1,
202210,83728841.230000,463389.9049,31,
202210,283701850.540000,1910236.3902,13,
202210,209810555.200000,1787569.1158,18,
202210,60402441.250000,187493.6687,35,
202210,391842116.870000,6394479.5245,8,
202210,322898296.620000,2621327.4277,11,
202210,238580981.420000,1846130.3495,16,
202210,136394069.000000,1151759.3703,24,
202210,268983597.200000,2622043.6595,14,
202210,119189831.850000,636749.4460,26,
202210,148138832.520000,908986.5139,23,
202210,196475455.620000,2160933.5344,19,
202210,184825856.740000,1681617.6211,20,
202210,103970612.590000,602808.1648,28,
202210,253680341.250000,2674820.5131,15,
202210,159814509.000000,1536950.7335,22,
202210,77252511.590000,116524.3492,32,
202210,90017380.490000,395381.5380,30,
202210,71676743.650000,213804.9537,33,
202210,65729667.340000,137020.8809,34,
202301,371039335.610000,4479511.5027,7,
202301,454543320.650000,5722640.8961,4,
202301,586518792.810000,-539054.0913,1,
202301,654833144.600000,6654970.6971,0,
202301,64792201.250000,358497.6015,32,
202301,428021322.160000,6651301.3672,5,
202301,155861092.900000,699067.7724,20,
202301,304386598.410000,2501857.2662,10,
202301,397786885.160000,6004913.2627,6,
202301,524961214.290000,1756470.4354,2,
202301,133643023.730000,579568.3805,22,
202301,143447296.520000,618811.3292,21,
202301,69942416.360000,354351.3152,31,
202301,346663197.250000,2898418.8481,8,
202301,181040041.960000,1519162.2303,18,
202301,250681648.450000,1563181.1928,13,
202301,220408175.230000,2141176.2130,15,
202301,114850466.580000,825762.3878,24,
202301,487806282.730000,5058865.1220,3,
202301,205835523.920000,2153842.6932,16,
202301,93112887.530000,493023.5919,27,
202301,324805128.600000,3376732.4883,9,
202301,268291141.560000,2509252.8184,12,
202301,87022958.360000,533979.8936,28,
202301,285473322.670000,2559000.3610,11,
202301,80943731.320000,295976.9881,29,
202301,235828660.530000,2462107.7161,14,
202301,123928603.570000,587564.1551,23,
202301,168037814.690000,1117716.8345,19,
202301,75378519.690000,508471.7451,30,
202301,195119215.620000,1510484.5099,17,
202301,106868259.230000,627457.5494,25,
202301,99565882.730000,699073.7074,26,
202403,290857232.990000,1150038.0711,6,0.031617
202403,198674770.490000,357106.4709,11,0.031617
202403,212711044.920000,800420.9252,10,0.031617
202403,230187501.350000,739222.5993,9,0.031617
202403,247364609.420000,411014.0278,8,0.031617
202403,377115227.620000,1040557.4855,3,0.031617
202403,160065759.830000,716830.2000,14,0.031617
202403,267401248.170000,1702569.6563,7,0.031617
202403,409031430.070000,163727.9465,2,0.031617
202403,459091658.060000,-654350.1692,1,0.031617
202403,535164709.460000,5371585.1913,0,0.031617
202403,316306970.250000,1966090.9901,5,0.031617
202403,171915165.670000,659790.7345,13,0.031617
202403,342061039.950000,1145603.6079,4,0.031617
202403,128728492.520000,737009.4741,17,0.031617
202403,185099180.550000,898929.4742,12,0.031617
202403,119277928.700000,704011.2491,18,0.031617
202403,147687907.440000,505927.5345,15,0.031617
202403,137378179.620000,512500.5249,16,0.031617
202206,84101630.750000,158463.4581,32,
202206,389472311.860000,4663675.9205,8,
202206,414378501.880000,5953454.5559,7,
202206,475111971.490000,6195491.4952,5,
202206,166325008.720000,1743805.1270,22,
202206,177340553.710000,1739662.5257,21,
202206,119763039.240000,187002.3148,27,
202206,304291490.870000,4841500.8995,12,
202206,442292818.190000,6131640.9178,6,
202206,542473669.310000,5133484.2374,3,
202206,589157871.310000,1887526.2778,2,
202206,286649724.540000,4728774.5968,13,
202206,651045899.370000,-604775.7432,1,
202206,322323929.470000,5132802.0760,11,
202206,506173437.330000,5739791.8818,4,
202206,344203123.470000,4860824.5066,10,
202206,746480925.440000,7511757.4129,0,
202206,363447333.140000,5393687.6706,9,
202206,96453708.100000,335623.5915,30,
202206,48057014.320000,155036.7325,39,
202206,240894068.660000,2253632.3500,16,
202206,201734041.090000,1992102.4738,19,
202206,188266240.030000,1312641.4284,20,
202206,270856780.490000,3164584.2639,14,
202206,214921501.390000,1232658.2795,18,
202206,146941137.150000,1288344.4482,24,
202206,255226580.260000,1891364.3312,15,
202206,89999117.180000,268697.9081,31,
202206,155814356.060000,1685082.2496,23,
202206,136223699.130000,716963.4213,25,
202206,72235215.400000,145832.6030,34,
202206,111614901.610000,749813.2086,28,
202206,227617058.320000,2046538.4524,17,
202206,77567503.510000,471111.3554,33,
202206,66708410.720000,36207.4810,35,
202206,127864160.430000,835779.9867,26,
202206,56223065.700000,167138.2348,37,
202206,104066533.600000,341201.9173,29,
202206,52177881.500000,304775.3588,38,
202206,61242038.440000,27133.3065,36,
202310,346703599.310000,1316906.6625,4,
202310,182577434.560000,1177468.1493,12,
202310,405946926.520000,309710.3130,2,
202310,373228224.420000,1333314.3296,3,
202310,253835648.820000,1610893.9278,8,
202310,507977692.440000,5210119.7350,0,
202310,448502443.640000,-486634.7266,1,
202310,158699348.670000,489546.6142,14,
202310,319962118.810000,2303618.4207,5,
202310,215755812.870000,1143354.7951,10,
202310,197525122.290000,650524.4577,11,
202310,89463296.960000,547428.6619,22,
202310,118198570.680000,826092.9346,18,
202310,137843218.020000,793188.1066,16,
202310,294641609.430000,1672804.9238,6,
202310,272177813.760000,2127111.0219,7,
202310,96023617.490000,361032.6431,21,
202310,233500972.730000,1565201.7134,9,
202310,110416158.370000,677145.3132,19,
202310,169737677.610000,732433.0965,13,
202310,146768918.010000,523068.4168,15,
202310,102883129.520000,369401.5373,20,
202310,126707965.530000,488890.9274,17,
202310,82490777.570000,115430.3584,23,
202311,426643946.830000,-461184.0277,1,
202311,278191222.690000,2257150.4974,6,
202311,206060327.410000,766225.9207,10,
202311,95581253.620000,325633.3031,21,
202311,178720542.010000,981358.8882,12,
202311,384291884.010000,200974.0852,2,
202311,353658729.470000,1052642.7046,3,
202311,220866982.610000,1262645.2504,9,
202311,145880970.680000,615949.5361,15,
202311,238528722.430000,989175.5708,8,
202311,110603239.680000,672238.8339,19,
202311,483247289.930000,4852655.9275,0,
202311,190740561.930000,1082001.8990,11,
202311,127728211.030000,899920.9863,17,
202311,103153367.190000,372117.1152,20,
202311,301500344.170000,1471434.8985,5,
202311,258279491.680000,1607068.3240,7,
202311,327726757.360000,1703740.3471,4,
202311,135164869.860000,842685.1709,16,
202311,165873135.750000,953805.1463,13,
202311,89267603.090000,191964.3229,22,
202311,155385465.760000,897746.9676,14,
202311,119439733.070000,359879.7714,18,
202503,465728485.750000,896560.3060,3,0.023521
202503,676592405.890000,6842063.1317,0,0.023521
202503,575314327.450000,-985226.8091,1,0.023521
202503,396336473.340000,1767557.6368,5,0.023521
202503,363689347.070000,1120011.7269,6,0.023521
202503,514021709.190000,33643.2013,2,0.023521
202503,426338236.690000,686859.4935,4,0.023521
202411,325206352.650000,1124306.8740,7,0.021203
202411,445867060.280000,401857.8420,3,0.021203
202411,406630645.090000,652000.6461,4,0.021203
202411,263862091.300000,605658.6357,10,0.021203
202411,542241690.480000,-967161.9424,1,0.021203
202411,300931012.170000,1147047.6943,8,0.021203
202411,644670190.730000,6514977.1685,0,0.021203
202411,481609295.120000,-197261.5248,2,0.021203
202411,282576422.070000,1309099.7039,9,0.021203
202411,381071730.670000,1342726.8426,5,0.021203
202411,352211614.650000,1318184.8037,6,0.021203
202410,503024711.660000,-205944.7063,2,0.023531
202410,335882473.940000,1337587.6773,7,0.023531
202410,312165504.550000,1193664.8606,8,0.023531
202410,456432205.860000,553371.4381,3,0.023531
202410,360371667.480000,1416086.0612,6,0.023531
202410,654136332.410000,6574208.6959,0,0.023531
202410,271287832.730000,1509924.6610,10,0.023531
202410,563583161.870000,-827058.9295,1,0.023531
202410,289451901.300000,1076108.2145,9,0.023531
202410,388821238.000000,1220254.5531,5,0.023531
202410,251022051.000000,564373.7826,11,0.023531
202410,422993805.150000,594018.5996,4,0.023531
202201,394734945.140000,4539715.9177,6,
202201,445712140.450000,3387684.6122,4,
202201,626454521.520000,6773366.2245,0,
202401,252461067.370000,1800997.5829,6,0.040372
202201,567397264.550000,-901195.4835,1,
202401,479905410.510000,4858506.1063,0,0.040372
202401,101180351.780000,522116.5348,18,0.040372
202201,475288721.240000,3037313.3515,3,
202401,296016645.890000,1333392.5171,4,0.040372
202201,369064715.570000,3127176.9384,7,
202201,305968708.750000,2511986.6460,10,
202401,274878854.240000,2284750.4316,5,0.040372
202401,362666831.270000,104123.1233,2,0.040372
202401,194219790.610000,816935.5825,9,0.040372
202201,513691807.760000,951039.7674,2,
202401,210392195.550000,825049.2966,8,0.040372
202401,144359940.880000,528564.3118,13,0.040372
202201,420783509.750000,4028307.8266,5,
202201,241504973.420000,3186206.9795,14,
202201,256764194.650000,2007561.0284,13,
202401,168954908.680000,764769.8979,11,0.040372
202201,287929969.740000,1951673.7743,11,
202401,414129393.830000,-607665.0608,1,0.040372
202401,93403954.210000,571097.2395,19,0.040372
202201,345195930.830000,2382802.3586,8,
202201,154763843.600000,1569391.4560,22,
202201,173456406.930000,1396365.1002,20,
202201,120582935.390000,1004361.0002,26,
202201,30462577.650000,-29443.8458,44,
202401,325200808.350000,991259.3433,3,0.040372
202201,100291494.050000,497810.6590,29,
202201,183514617.340000,1136545.2071,19,
202401,86636398.690000,360518.4962,20,0.040372
202201,217834598.410000,2301357.2446,16,
202201,271438794.520000,2528227.8600,12,
202401,124780738.920000,841033.1934,15,0.040372
202201,127979327.110000,823917.4098,25,
202401,134371015.040000,683173.3115,14,0.040372
202401,155190032.430000,951491.5361,12,0.040372
202201,63586090.440000,231403.5851,35,
202201,105872252.230000,762584.0529,28,
202201,324725660.870000,2666742.8298,9,
202201,205924745.530000,2029735.0203,17,
202201,40184378.100000,16259.7210,41,
202401,181365251.620000,638733.7166,10,0.040372
202201,93623525.860000,733729.3621,30,
202201,136302678.130000,1382121.4212,24,
202201,230053100.890000,2635834.6926,15,
202401,230371262.990000,2032963.9605,7,0.040372
202201,193817263.110000,1957092.8734,18,
202201,80822571.100000,210089.5457,32,
202201,145889401.070000,1039311.1938,23,
202401,108108292.990000,233954.9853,17,0.040372
202201,112945370.310000,1021324.5800,27,
202201,74611025.780000,242287.0806,33,
202201,163148859.680000,1475349.4525,21,
202401,115972260.620000,493164.5840,16,0.040372
202201,51079412.290000,352084.0277,38,
202201,86899285.740000,388179.4695,31,
202201,54887703.730000,174063.7954,37,
202201,47340527.460000,123274.3849,39,
202201,36608979.380000,22848.3044,42,
202201,58980937.330000,163385.2924,36,
202201,33499684.010000,-112974.5459,43,
202201,68847002.620000,397330.3236,34,
202201,43703607.800000,297110.0785,40,
202402,484142072.800000,-639920.9527,1,0.036526
202402,279250913.850000,1224105.8919,7,0.036526
202402,219191041.830000,1157793.4683,10,0.036526
202402,254907962.650000,1540651.6908,8,0.036526
202402,171704216.170000,887589.1510,13,0.036526
202402,331214581.760000,1651911.4328,5,0.036526
202402,559297614.490000,5652592.9167,0,0.036526
202402,236956625.600000,753814.6801,9,0.036526
202402,118964265.980000,1014293.3717,18,0.036526
202507,528392035.940000,35258.3445,2,0.021092
202507,593292313.760000,-890250.7399,1,0.021092
202402,184969246.850000,702913.5955,12,0.036526
202402,109105463.010000,539222.6454,19,0.036526
202402,361442269.630000,1529823.5477,4,0.036526
202402,387848773.230000,1031391.0413,3,0.036526
202402,304959130.560000,1944260.6025,6,0.036526
202402,426319098.790000,-30729.1863,2,0.036526
202507,696182657.390000,6967694.6539,0,0.021092
202402,149232384.920000,537090.8872,15,0.036526
202402,200560924.850000,1091678.1685,11,0.036526
202402,137612281.390000,624533.0932,16,0.036526
202402,127881240.530000,693134.1235,17,0.036526
202402,160555098.120000,690841.8321,14,0.036526
202404,280405624.160000,1453912.5863,8,0.031613
202404,467759569.780000,291266.2492,2,0.031613
202404,241867466.710000,934624.6590,10,0.031613
202404,421831095.250000,1567692.9285,3,0.031613
202404,207740263.240000,1235024.3622,12,0.031613
202404,180833671.330000,1120065.1504,14,0.031613
202404,589710864.580000,5956685.3503,0,0.031613
202404,357223341.030000,1895332.2860,5,0.031613
202404,328890011.250000,3628501.1617,6,0.031613
202404,518103166.270000,-601664.5912,1,0.031613
202404,194030846.000000,1272284.0490,13,0.031613
202404,388156033.800000,2466452.4168,4,0.031613
202404,258677921.280000,1988923.9206,9,0.031613
202404,156594227.010000,1132170.3133,16,0.031613
202404,301961239.750000,1557504.7552,7,0.031613
202404,224071611.410000,1698999.5316,11,0.031613
202404,168947619.770000,979375.5718,15,0.031613
202404,146055397.570000,486906.5016,17,0.031613
202203,415860591.720000,5308107.6717,10,
202203,88172238.840000,263775.6207,34,
202203,643953704.410000,4880557.1006,3,
202203,467090957.080000,5400368.2597,8,
202203,205808681.440000,2254832.2316,22,
202203,757024764.900000,-678073.3172,1,
202203,179208894.340000,1922337.6241,24,
202203,604892189.250000,5329627.9358,4,
202203,291670834.820000,3596810.4698,16,
202203,567722928.360000,6460338.4780,5,
202203,495530206.700000,5672782.3382,7,
202203,529659023.900000,5517196.0149,6,
202203,845516664.770000,8654068.1564,0,
202203,232336805.690000,1589262.8016,20,
202203,327523166.270000,4524310.0319,14,
202203,366221186.450000,4387556.8746,12,
202203,692435180.650000,1667404.9419,2,
202203,245312722.820000,2703666.5892,19,
202203,64592414.510000,113367.9136,38,
202203,391608796.370000,4319904.2945,11,
202203,309654089.820000,4620851.5781,15,
202203,346474704.200000,4403035.5380,13,
202203,69772830.620000,-56398.1591,37,
202203,149412930.790000,1519614.2658,27,
202203,167307836.310000,1423534.5796,25,
202203,275572050.090000,2997548.6080,17,
202203,439849411.450000,5508355.8183,9,
202203,259436725.490000,2037370.5039,18,
202203,129786147.820000,772859.9031,29,
202203,192232485.430000,1074866.3678,23,
202203,157477861.100000,1567056.0988,26,
202203,102854261.490000,403928.2896,32,
202203,120515350.740000,447160.4888,30,
202203,110724836.460000,612820.0247,31,
202203,50512382.510000,216923.5498,41,
202203,219198828.510000,1878727.6759,21,
202203,95032421.690000,217351.8127,33,
202203,55044504.920000,279374.2290,40,
202203,45952579.900000,103332.2987,42,
202203,75514496.070000,417152.1990,36,
202203,82105441.470000,292479.2605,35,
202203,59711468.630000,223392.1920,39,
202203,139857241.220000,1017818.9055,28,
202205,259679558.510000,2834069.0325,15,
202205,616420663.690000,1672049.6966,2,
202205,679091624.420000,-630964.4831,1,
202205,331892790.920000,5414750.7347,11,
202205,771195285.790000,7772666.5487,0,
202205,91031824.600000,62670.5189,31,
202205,46196684.830000,96944.7358,40,
202205,170774973.600000,1902148.2503,22,
202205,244100690.430000,2437423.2742,16,
202205,566413174.210000,5388501.7312,3,
202205,293962725.420000,5123346.8545,13,
202205,376613013.400000,4071569.1567,9,
202205,527659242.870000,4476961.5464,4,
202205,352473686.260000,5473802.9593,10,
202205,457709132.400000,4818383.9290,6,
202205,275565468.590000,4106575.6211,14,
202205,62483044.170000,119900.9094,36,
202205,182120358.530000,1619073.9593,21,
202205,401417783.510000,5466916.6583,8,
202205,492912820.550000,6119263.0333,5,
202205,73181462.910000,674458.4231,34,
202205,229932944.580000,2518906.9041,17,
202205,206062351.260000,2352495.5389,19,
202205,149286203.300000,1365287.1951,24,
202205,79291814.760000,-44481.4532,33,
202205,311202162.850000,4499529.2622,12,
202205,122354013.960000,1041273.9929,27,
202205,217633561.550000,1875508.6693,18,
202205,427512075.640000,4822836.1869,7,
202205,194017597.970000,2568637.1061,20,
202205,140418259.670000,1331697.0135,25,
202205,58131957.630000,194903.0474,37,
202205,98571083.830000,617915.9322,30,
202205,113875671.100000,752693.0396,28,
202205,130620595.820000,930963.7533,26,
202205,105796248.610000,976751.7397,29,
202205,67667319.440000,251206.8142,35,
202205,50070671.020000,247954.8092,39,
202205,53758545.300000,111815.3910,38,
202205,159301181.880000,1601811.8016,23,
202205,84655525.710000,611646.6725,32,
202212,328936990.720000,3150147.1957,8,
202212,542135030.290000,-684845.3522,1,
202212,399986478.810000,5097440.9814,5,
202212,425202071.750000,5808470.2231,4,
202212,166057614.570000,1270521.8895,19,
202212,273047999.950000,2462740.4016,11,
202212,351106889.360000,4741014.5868,7,
202212,452562828.030000,4595280.1638,3,
202212,493772477.050000,1172432.6846,2,
202212,290538375.600000,2808962.7384,10,
202212,375542421.870000,5736808.7926,6,
202212,309546339.660000,2853135.4093,9,
202212,241520234.560000,2443328.4498,13,
202212,212077939.390000,2434736.1331,15,
202212,81624679.250000,539224.7522,29,
202212,616241387.500000,6367837.5788,0,
202212,124953917.330000,833528.3709,23,
202212,257230555.660000,2142442.4126,12,
202212,144824862.500000,635828.7210,21,
202212,107714224.740000,770508.3569,25,
202212,64863704.700000,679168.3600,32,
202212,155736030.620000,797323.0395,20,
202212,177046399.700000,1258676.7090,18,
202212,115930118.010000,750918.7735,24,
202212,100414843.880000,391612.5245,26,
202212,186797734.650000,1856118.6781,17,
202212,226287101.880000,2152512.7788,14,
202212,87168612.680000,618883.8534,28,
202212,69898907.710000,170377.8432,31,
202212,199018885.930000,1869154.3442,16,
202212,93573136.950000,628212.9710,27,
202212,75812157.430000,750586.3598,30,
202212,134242036.530000,670906.4092,22,
202212,60279170.750000,-81112.4306,33,
202202,257653998.170000,2731738.8911,18,
202202,549978205.960000,4900811.5312,5,
202202,306100778.900000,3603224.9135,15,
202202,86670536.150000,527212.9455,34,
202202,109802133.700000,593534.9033,31,
202202,406242699.750000,3745673.3813,10,
202202,455663173.970000,4557621.3410,8,
202202,658004275.530000,1438357.9560,2,
202202,242949470.620000,2005813.0203,19,
202202,273174586.510000,3853260.3236,17,
202202,48842447.950000,73081.5182,41,
202202,718447255.530000,-423572.9704,1,
202202,289844289.830000,4005339.7750,16,
202202,63026954.950000,360956.1413,38,
202202,201956978.820000,1873457.4101,22,
202202,176456625.550000,1560148.9808,24,
202202,342197015.580000,4015683.4995,13,
202202,118585466.090000,745570.8364,30,
202202,516444031.470000,5835831.3615,6,
202202,73884768.830000,209348.6313,36,
202202,383937305.820000,4070607.3535,11,
202202,145050594.300000,1311673.8410,27,
202202,482581554.650000,3200818.7506,7,
202202,614660325.420000,4089423.3189,3,
202202,214987302.940000,2083834.0962,21,
202202,362898586.180000,3205338.3243,12,
202202,792751603.850000,8000761.2308,0,
202202,67949501.980000,114123.6568,37,
202202,429802338.920000,3771974.3760,9,
202202,127561165.380000,411444.2132,29,
202202,40504510.090000,-122166.5017,43,
202202,137410970.580000,1334263.8733,28,
202202,93645261.190000,476653.4944,33,
202202,581622944.560000,4909146.0345,4,
202202,165331537.120000,1521335.2923,25,
202202,58341642.220000,164942.4727,39,
202202,154730363.150000,1490029.5175,26,
202202,101171598.960000,542145.5498,32,
202202,324912024.110000,4281195.9700,14,
202202,79770076.890000,375917.4939,35,
202202,188897630.440000,1995108.9137,23,
202202,228236734.590000,2600770.7144,20,
202202,53521810.270000,252245.8782,40,
202202,44640468.660000,27780.9164,42,
202304,416538001.780000,4251229.1573,0,
202304,128440058.060000,1002985.2789,15,
202304,279278339.550000,1862805.0857,4,
202304,302738178.390000,4027894.8179,3,
202304,332743144.640000,1437412.5642,2,
202304,261416537.530000,2829251.6174,5,
202304,90007610.230000,309463.8675,20,
202304,210698685.190000,1961229.4162,8,
202304,44306062.180000,16882.8704,29,
202304,145988829.880000,1262206.0573,13,
202304,47803188.560000,303248.2298,28,
202304,241705931.440000,2916930.8557,6,
202304,366565120.040000,-381670.0863,1,
202304,138089806.430000,1554000.4862,14,
202304,156678792.630000,2093739.9197,12,
202304,60341028.220000,678506.2121,25,
202304,64912022.730000,528413.5335,24,
202304,97264630.690000,218001.6737,19,
202304,112468705.380000,331645.3520,17,
202304,224322972.520000,1996502.4123,7,
202304,195752205.210000,2370144.8312,9,
202304,77126699.150000,611300.9806,22,
202304,104271864.900000,873360.2450,18,
202304,82818878.490000,409530.4428,21,
202304,56526839.330000,295564.7094,26,
202304,120287856.110000,1210156.2371,16,
202304,167980802.700000,1799925.4429,11,
202304,181287969.510000,1536309.8169,10,
202304,70862390.890000,752836.8634,23,
202304,52300190.170000,487588.5165,27,
